asin,sku,parent_sku,family_on_site,variation_theme,dim1_value,dim2_value,dim3_value,has_image,duplicate_asin,amazon_product_type,title,image_main,category,subcategory
B07W3NVJBR,(BLue)_Case,1M-NL6L-4F47,no,COLOR,Plain Blue,,,no,,PORTABLE_ELECTRONIC_DEVICE_COVER,"Meyaar Silicone Case with Keychain, Designed for Apple AirPods 1 & 2 Only (Not For Any Other Model) (Airpods Not Included) (Plain Blue)",,,
B07W44K6VZ,(Blkk)_casee,1M-NL6L-4F47,no,COLOR,Plain Black,,,no,,PORTABLE_ELECTRONIC_DEVICE_COVER,"Meyaar Silicone Case with Keychain, Designed for Apple AirPods 1 & 2 Only (Not For Any Other Model) (Airpods Not Included) (Plain Black)",,,
B07W57NTTS,(Red)_AP_1/2,1M-NL6L-4F47,no,COLOR,Plain Red,,,no,,PORTABLE_ELECTRONIC_DEVICE_COVER,"Meyaar Silicone Case with Keychain, Designed for Apple AirPods 1 & 2 Only (Not For Any Other Model) (Airpods Not Included) (Plain Red)",,,
B07W7DX1WM,(Pink)_casee,1M-NL6L-4F47,no,COLOR,Plain Pink,,,no,,PORTABLE_ELECTRONIC_DEVICE_COVER,"Meyaar Silicone Case with Keychain, Designed for Apple AirPods 1 & 2 Only (Not For Any Other Model) (Airpods Not Included) (Plain Pink)",,,
B07WS7TCM6,(grey)Case_AP_1.2,1M-NL6L-4F47,no,COLOR,Plain Grey,,,no,,PORTABLE_ELECTRONIC_DEVICE_COVER,"Meyaar Silicone Case with Keychain, Designed for Apple AirPods 1 & 2 Only (Not For Any Other Model) (Airpods Not Included) (Plain Grey)",,,
B07WWCGBW6,(Green) Case_AP_1/2,1M-NL6L-4F47,no,COLOR,Plain Green,,,no,,PORTABLE_ELECTRONIC_DEVICE_COVER,"Meyaar Silicone Case with Keychain, Designed for Apple AirPods 1 & 2 Only (Not For Any Other Model) (Airpods Not Included) (Plain Green)",,,
B08HR8Z9TQ,Red-Bulldog-Airpod-Case-(Redd),1M-NL6L-4F47,no,COLOR,Bull Dog Red,,,no,,PORTABLE_ELECTRONIC_DEVICE_COVER,"Meyaar Silicone Case with Keychain, Designed for Apple AirPods 1 & 2 Only (Not For Any Other Model) (Airpods Not Included) (Bull Dog Red)",,,
B08HRB9YZW,"TOMM-Airpod_case1,2",1M-NL6L-4F47,no,COLOR,Cat Grey,,,no,,PORTABLE_ELECTRONIC_DEVICE_COVER,"Meyaar Silicone Case with Keychain, Designed for Apple AirPods 1 & 2 Only (Not For Any Other Model) (Airpods Not Included) (Cat Grey)",,,
B08JJ87G8C,2Pack-Black&Red-Dog-(2Pack)),1M-NL6L-4F47,no,COLOR,Bull Dog 2 Pack (Red+Black),,,no,,PORTABLE_ELECTRONIC_DEVICE_COVER,"Meyaar Silicone Case with Keychain, Designed for Apple AirPods 1 & 2 Only (Not For Any Other Model) (Airpods Not Included) (Bull Dog 2 Pack (Red+Black))",,,
B08P4HTYPZ,Green+Grey-AP-Case-2PackK,1M-NL6L-4F47,no,COLOR,Plain 2 Pack (Green+Grey),,,no,,PORTABLE_ELECTRONIC_DEVICE_COVER,"Meyaar Silicone Case with Keychain, Designed for Apple AirPods 1 & 2 Only (Not For Any Other Model) (Airpods Not Included) (Plain 2 Pack (Green+Grey))",,,
B08PC9D4HS,gaming_Console-(Black),1M-NL6L-4F47,no,COLOR,Gaming Console Black,,,no,,PORTABLE_ELECTRONIC_DEVICE_COVER,"Meyaar Silicone Case with Keychain, Designed for Apple AirPods 1 & 2 Only (Not For Any Other Model) (Airpods Not Included) (Gaming Console Black)",,,
B08PFXR1WV,Marlboro_AP_1/2,1M-NL6L-4F47,no,COLOR,Marl-boro White,,,no,,PORTABLE_ELECTRONIC_DEVICE_COVER,"Meyaar Silicone Case with Keychain, Designed for Apple AirPods 1 & 2 Only (Not For Any Other Model) (Airpods Not Included) (Marl-boro White)",,,
B08QBY2ST7,White_Gaming_console,1M-NL6L-4F47,no,COLOR,Gaming Console White,,,no,,PORTABLE_ELECTRONIC_DEVICE_COVER,"Meyaar Silicone Case with Keychain, Designed for Apple AirPods 1 & 2 Only (Not For Any Other Model) (Airpods Not Included) (Gaming Console White)",,,
B08QKZG917,XB_970_BT_(GREEN),D5,no,COLOR,Green,,,no,,HEADPHONES,"Meyaar D5 Made in India Over Ear Bluetooth Headphones with 70H Playtime, 40mm Bass Drivers, ANC Mic, Type-C Fast Charging, BTv 5.4, AUX Option, IPX5 Headphones Wireless With Mic (Green)",,,
B08RH1QS22,Marshall__AP_!1.2,1M-NL6L-4F47,no,COLOR,Mar-shall Black,,,no,,PORTABLE_ELECTRONIC_DEVICE_COVER,"Meyaar Silicone Case with Keychain, Designed for Apple AirPods 1 & 2 Only (Not For Any Other Model) (Airpods Not Included) (Mar-shall Black)",,,
B08TDVHPPN,Airpods-Matt-Leather-(Light-Brown),Ap-1/2-Leather+Soft,no,COLOR,Leather (Light Brown),,,no,,PORTABLE_ELECTRONIC_DEVICE_COVER,Meyaar Leather Case Skin Fit Vintage Matte Leather Hook Case Cover for Apple AirPods (2nd Generation) & AirPods (1st Generation) Only (Not for Pro Version),,,
B08TDYH7ZJ,Leather-Air-pods-1/2-(Matt-Blue),Ap-1/2-Leather+Soft,no,COLOR,Leather (Blue),,,no,,PORTABLE_ELECTRONIC_DEVICE_COVER,Meyaar Leather Case Skin Fit Vintage Matte Leather Hook Case Cover for Apple AirPods (2nd Generation) & AirPods (1st Generation) Only (Not for Pro Version) (Leather (Blue)),,,
B08TF467L4,Airpods-1/2-Matt_Leather(Green),Ap-1/2-Leather+Soft,no,COLOR,Leather (Green),,,no,,PORTABLE_ELECTRONIC_DEVICE_COVER,Meyaar Leather Case Skin Fit Vintage Matte Leather Hook Case Cover for Apple AirPods (2nd Generation) & AirPods (1st Generation) Only (Not for Pro Version) (Leather (Green)),,,
B08TFCRLQG,Airpods-1_Matt-Leather-(BLackkk),Ap-1/2-Leather+Soft,no,COLOR,Leather (Black),,,no,,PORTABLE_ELECTRONIC_DEVICE_COVER,Meyaar Leather Case Skin Fit Vintage Matte Leather Hook Case Cover for Apple AirPods (2nd Generation) & AirPods (1st Generation) Only (Not for Pro Version) (Leather (Black)),,,
B08TW1QF1H,AP-(Pro)-Armor-(Bluee),Y8-ES7D-ZW0E,no,COLOR,Light Blue,,,yes,yes,PORTABLE_ELECTRONIC_DEVICE_COVER,"Meyaar Hard Case For Apple AirPods 4 Case Cover with Keychain, Automatic Snap Switch, Secure Case, Full Protective Case Cover For Apple AirPods 4th Generation 2024 (Light Blue)",https://m.media-amazon.com/images/I/61xQVg44B4L.jpg,,
B08VKYVBCS,Baby-Yoda-AP-1_case,1M-NL6L-4F47,no,COLOR,Baby-Yoda,,,no,,PORTABLE_ELECTRONIC_DEVICE_COVER,"Meyaar Silicone Case with Keychain, Designed for Apple AirPods 1 & 2 Only (Not For Any Other Model) (Airpods Not Included) (Baby-Yoda)",,,
B08X1Q3XV2,Airpods-Pro-Armor-Case-(Red&Red),Y8-ES7D-ZW0E,no,COLOR,Red Red,,,no,,PORTABLE_ELECTRONIC_DEVICE_COVER,"Meyaar Hard Case For Apple AirPods 4 Case Cover with Keychain, Automatic Snap Switch, Secure Case, Full Protective Case Cover For Apple AirPods 4th Generation 2024 (Red Red)",,,
B08YJ85262,Rainbow-Ap-1.2,1M-NL6L-4F47,no,COLOR,Rainbow,,,no,,PORTABLE_ELECTRONIC_DEVICE_COVER,"Meyaar Silicone Case with Keychain, Designed for Apple AirPods 1 & 2 Only (Not For Any Other Model) (Airpods Not Included) (Rainbow)",,,
B08YXZ314M,(Black)_DOG-AP-1/2,1M-NL6L-4F47,no,COLOR,Bull Dog Black,,,no,,PORTABLE_ELECTRONIC_DEVICE_COVER,"Meyaar Silicone Case with Keychain, Designed for Apple AirPods 1 & 2 Only (Not For Any Other Model) (Airpods Not Included) (Bull Dog Black)",,,
B08YXZ9VDK,Ice__(Pink)-1/2,1M-NL6L-4F47,no,COLOR,Ice Cream Pink,,,no,,PORTABLE_ELECTRONIC_DEVICE_COVER,"Meyaar Silicone Case with Keychain, Designed for Apple AirPods 1 & 2 Only (Not For Any Other Model) (Airpods Not Included)",,,
B08YY142CB,Ice-Cream-AP-1(Chocolate),1M-NL6L-4F47,no,COLOR,Ice Cream Brown,,,no,,PORTABLE_ELECTRONIC_DEVICE_COVER,"Meyaar Silicone Case with Keychain, Designed for Apple AirPods 1 & 2 Only (Not For Any Other Model) (Airpods Not Included) (Ice Cream Brown)",,,
B08Z9KVSVS,Rainbow-AP-1/2-(Horizontalll),1/2-New-Airpods-OG,no,COLOR,Multicolor Rainbow,,,no,,PORTABLE_ELECTRONIC_DEVICE_COVER,,,,
B08ZB95SNR,Gaming_Console_(Black)),1/2-New-Airpods-OG,no,COLOR,Console Black,,,no,,PORTABLE_ELECTRONIC_DEVICE_COVER,,,,
B08ZBCWFD8,AP-1/2-(Strawberry-ice-creamm)),1/2-New-Airpods-OG,no,COLOR,Pink Ice Cream,,,no,,PORTABLE_ELECTRONIC_DEVICE_COVER,,,,
B08ZBD4KRN,AP-1-IceCream__(Chocolatee),1/2-New-Airpods-OG,no,COLOR,Brown Ice Cream,,,no,,PORTABLE_ELECTRONIC_DEVICE_COVER,,,,
B08ZBHWFZJ,Gaming-Console-(Whitee)-AP-1/2,1/2-New-Airpods-OG,no,COLOR,Console White,,,no,,PORTABLE_ELECTRONIC_DEVICE_COVER,,,,
B091233RCX,Red_doG_AP-1/2,1/2-New-Airpods-OG,no,COLOR,Red Dog,,,no,,PORTABLE_ELECTRONIC_DEVICE_COVER,,,,
B09129VS1Z,Marshall_AP-1/2_Case,Ap-1/2-Cartoon-1,no,COLOR,Black Mar-shall,,,no,,PORTABLE_ELECTRONIC_DEVICE_COVER,,,,
B0912C1PTZ,TOm_Ap-1/2,1/2-New-Airpods-OG,no,COLOR,Blue Cat,,,no,,PORTABLE_ELECTRONIC_DEVICE_COVER,"Meyaar Cute Silicone Case Cover with Keychain, 360° Protective Case Compatible with Apple Airpods 2 &1 (Cat)",,,
B0912CJFHG,(blkk)-Bull-Dog-(Blackk),1/2-New-Airpods-OG,no,COLOR,Black Dog,,,no,,PORTABLE_ELECTRONIC_DEVICE_COVER,,,,
B0912HD6M2,instagram--AP-1/2case.1,1/2-New-Airpods-OG,no,COLOR,Light Brown Insta,,,no,,PORTABLE_ELECTRONIC_DEVICE_COVER,,,,
B0912JGD6H,Yoda_AP-1/2,1/2-New-Airpods-OG,no,COLOR,Brown & Green yoda,,,no,,PORTABLE_ELECTRONIC_DEVICE_COVER,,,,
B0912LHW84,Marlboro_AP-1/2-(W),1/2-New-Airpods-OG,no,COLOR,White Marl-boro,,,no,,PORTABLE_ELECTRONIC_DEVICE_COVER,,,,
B0912TXNT7,Jerry-AP-1/2-Case>>1,1/2-New-Airpods-OG,no,COLOR,Brown Funny Mouse,,,no,,PORTABLE_ELECTRONIC_DEVICE_COVER,"Meyaar Cute Silicone Case Cover with Keychain, 360° Protective Case Compatible with Apple Airpods 2 &1 (Funny Mouse)",,,
B0916FPVRB,AP-1/2-Case-(Kakasshi),1/2-New-Airpods-OG,no,COLOR,Grey Kak-shi,,,no,,PORTABLE_ELECTRONIC_DEVICE_COVER,,,,
B0917TLPN8,Marshall_AP_11/22,1/2-New-Airpods-OG,no,COLOR,Black Mar-shall,,,no,,PORTABLE_ELECTRONIC_DEVICE_COVER,,,,
B0917WBYPN,Beer_AP_1/2_corona,1/2-New-Airpods-OG,no,COLOR,Yellow Bottle Corona,,,no,,PORTABLE_ELECTRONIC_DEVICE_COVER,,,,
B091Q2BLFR,Elago-Gaming-Case-(Blackkk),1/2-New-Airpods-OG,no,COLOR,Black Game Pad,,,no,,PORTABLE_ELECTRONIC_DEVICE_COVER,,,,
B091V7W4WV,(Polarbear)-AP-1/2_(Green),1/2-New-Airpods-OG,no,COLOR,Green Polarbear,,,no,,PORTABLE_ELECTRONIC_DEVICE_COVER,,,,
B091V8QJHY,(Mobile-Phone-)AP-1/2..,1M-NL6L-4F47,no,COLOR,Mobile-Phone Black,,,no,,PORTABLE_ELECTRONIC_DEVICE_COVER,"Meyaar Silicone Case with Keychain, Designed for Apple AirPods 1 & 2 Only (Not For Any Other Model) (Airpods Not Included) (Mobile-Phone Black)",,,
B091V8VQBC,BF-0HK3-W80H,1/2-New-Airpods-OG,no,COLOR,Green Teal Switch,,,no,,PORTABLE_ELECTRONIC_DEVICE_COVER,,,,
B091WWCSCM,AP-1-(Mobile-Phone-(Black)1,1/2-New-Airpods-OG,no,COLOR,Black Mobile Phone,,,no,,PORTABLE_ELECTRONIC_DEVICE_COVER,,,,
B092PDCDGP,Marshall-APP_(Pro0),Pro Airpods,no,COLOR,Mar-shall,,,no,,PORTABLE_ELECTRONIC_DEVICE_COVER,"Meyaar Cute Silicone Case Cover Only Compatible with Apple Airpods Pro, With Strong Keychain (Only Silicone Cover) (Mar-shall)",,,
B092RKKF2V,Corona_Extra_Beer-AP-1/2,1M-NL6L-4F47,no,COLOR,Corona-Beer-Yellow,,,no,yes,PORTABLE_ELECTRONIC_DEVICE_COVER,"Meyaar Silicone Case with Keychain, Designed for Apple AirPods 1 & 2 Only (Not For Any Other Model) (Airpods Not Included) (Corona-Beer-Yellow)",,,
B092TVKJQQ,Whiskey-jack--sarrow-AP-1/2,1M-NL6L-4F47,no,COLOR,Jack-Sarrow-Whiskey-Brown,,,no,,PORTABLE_ELECTRONIC_DEVICE_COVER,"Meyaar Silicone Case with Keychain, Designed for Apple AirPods 1 & 2 Only (Not For Any Other Model) (Airpods Not Included) (Jack-Sarrow-Whiskey-Brown)",,,
B0954W96Q3,Henneney_bottle-AP-2/1,1/2-New-Airpods-OG,no,COLOR,Brown Henney Bottle,,,no,,PORTABLE_ELECTRONIC_DEVICE_COVER,,,,
B09551RKJY,(Robot Wall-E)-AP-2/1,1M-NL6L-4F47,no,COLOR,Robot-Wall-E,,,no,,PORTABLE_ELECTRONIC_DEVICE_COVER,"Meyaar Silicone Case with Keychain, Designed for Apple AirPods 1 & 2 Only (Not For Any Other Model) (Airpods Not Included) (Robot-Wall-E)",,,
B09559S9HR,(Wall-E-Robot)-AP-1/2..1,1/2-New-Airpods-OG,no,COLOR,Yellow Wall E,,,no,,PORTABLE_ELECTRONIC_DEVICE_COVER,,,,
B09FDX1SJ4,Unicorn-(Pink),Ap-1/2-Cartoon-1,no,COLOR,Pink -4,,,no,,PORTABLE_ELECTRONIC_DEVICE_COVER,"Meyaar Soft Silicon Cover Case Compatible with Apple Airpods 1 & 2, 360° Protective Case Compatible with Airpod 1st and 2nd Generation case (Unicorn (Pink))",,,
B09FF264C3,Unicorn-(PINKK),1M-NL6L-4F47,no,COLOR,Uni-corn (Pink),,,no,,PORTABLE_ELECTRONIC_DEVICE_COVER,"Meyaar Silicone Case with Keychain, Designed for Apple AirPods 1 & 2 Only (Not For Any Other Model) (Airpods Not Included) (Uni-corn (Pink))",,,
B09GTJ88MT,Boat--131-(Green)),ZG-HLPC-YGAN,yes,COLOR,Green,,,no,,PORTABLE_ELECTRONIC_DEVICE_COVER,Meyaar Anti-Slip Silicone Cover for PS5 Controller with Thumb Grip Caps & Touchpad Sticker Made For PS5 Controller Only. (Green),,,
B09JHQ3ZG5,Boat_(Blackk)_131__,131- Leather,no,COLOR,Black,,,no,,PORTABLE_ELECTRONIC_DEVICE_COVER,Meyaar leather Case Cover Only Compatible With Boat Airdopes 131 Leather Cover For Boat Airdopes 131- (Only Cover) (Black),,,
B09NP9D1XZ,Airpods 3rd Gen-(Blue),Ap-pro-2-Napa-1R,no,COLOR,Blue,,,no,,PORTABLE_ELECTRONIC_DEVICE_COVER,"Meyaar For AirPods 3 Case Cover with Keychain Neck, Protective Silicone Case Skin Compatible with AirPods 3rd Generation (2021 Released), Shockproof, Supports Wireless Charging (Blue)",,,
B09NTY4727,3rd_Gen_(Rainbow),Airpods 3rd Gen,no,COLOR,Rainbow,,,no,yes,PORTABLE_ELECTRONIC_DEVICE_COVER,Meyaar Soft Silicon Core Cover Case Compatible with Airpods 3rd Generation. (2021) - (Rainbow),,,
B09NWF7255,Airpods 3rd Gen-(Rainbowwww),Airpods 3rd Gen,no,COLOR,Rain-Bow,,,no,,PORTABLE_ELECTRONIC_DEVICE_COVER,"Meyaar For AirPods 3 Case Cover with Keychain Neck, Protective Silicone Case Skin Compatible with AirPods 3rd Generation (2021 Released), Shockproof, Supports Wireless Charging (Rain-Bow)",,,
B09P77YG43,AP-3Gen-(Wine),Airpods 3rd Gen,no,COLOR,Wine,,,no,,PORTABLE_ELECTRONIC_DEVICE_COVER,Meyaar Soft Silicon Core Cover Case Compatible with Airpods 3rd Generation. (2021) - (Wine),,,
B09P78F7LX,AP-3rd-Gen-(Pine Green),Airpods 3rd Gen,no,COLOR,Pine Green,,,no,,PORTABLE_ELECTRONIC_DEVICE_COVER,"Meyaar For AirPods 3 Case Cover with Keychain Neck, Protective Silicone Case Skin Compatible with AirPods 3rd Generation (2021 Released), Shockproof, Supports Wireless Charging (Pine Green)",,,
B09P791YPP,AP-3Gen-Box-(Black),Airpods 3rd Gen,no,COLOR,Black,,,no,,PORTABLE_ELECTRONIC_DEVICE_COVER,"Meyaar For AirPods 3 Case Cover with Keychain Neck, Protective Silicone Case Skin Compatible with AirPods 3rd Generation (2021 Released), Shockproof, Supports Wireless Charging (Black)",,,
B09P795C6W,AP-3Gen-(Box)-(Blue),Airpods 3rd Gen,no,COLOR,Blue 2,,,no,,PORTABLE_ELECTRONIC_DEVICE_COVER,"Meyaar For AirPods 3 Case Cover with Keychain Neck, Protective Silicone Case Skin Compatible with AirPods 3rd Generation (2021 Released), Shockproof, Supports Wireless Charging (Blue 2)",,,
B09P81JFQW,AP-3rd-Gen-(Grey),Airpods 3rd Gen,no,COLOR,Grey,,,no,,PORTABLE_ELECTRONIC_DEVICE_COVER,"Meyaar For AirPods 3 Case Cover with Keychain Neck, Protective Silicone Case Skin Compatible with AirPods 3rd Generation (2021 Released), Shockproof, Supports Wireless Charging (Grey)",,,
B09P82ZWDB,Boat-131-(GREY),ZG-HLPC-YGAN,yes,COLOR,Grey,,,no,,PORTABLE_ELECTRONIC_DEVICE_COVER,Meyaar Anti-Slip Silicone Cover for PS5 Controller with Thumb Grip Caps & Touchpad Sticker Made For PS5 Controller Only. (Grey),,,
B09P85NRYB,Watch.Case.Series7_(41mm)-(Black),iw-Case-TG,no,COLOR/SIZE,Black,For Series 7/8/9 41mm,,no,,SCREEN_PROTECTOR,"Meyaar Hard PC Case Compatible with Apple Watch Series 10 9 8 7 Ultra 2, with Tempered Glass Screen Protector, Protective Cover for 41mm 42mm 45mm 46mm 49mm (Black, For Series 7/8 41mm)",,,
B09PC4JD64,Watch.Case.Series7_(41mm)-(Clear),iw-Case-TG,no,COLOR/SIZE,Clear,For Series 7/8/9 41mm,,no,,SCREEN_PROTECTOR,"Meyaar Hard PC Case Compatible with Apple Watch Series 10 9 8 7 Ultra 2, with Tempered Glass Screen Protector, Protective Cover for 41mm 42mm 45mm 46mm 49mm (Clear, For Series 7/8 41mm)",,,
B09QLH6MPW,Yoda-AP-1/2-case,Ap-1/2-Cartoon-1,no,COLOR,Brown Green,,,no,,PORTABLE_ELECTRONIC_DEVICE_COVER,"Meyaar Soft Silicon Cover Case Compatible with Apple Airpods 1 & 2, 360° Protective Case Compatible with Airpod 1st and 2nd Generation case",,,
B09RGSNJV6,3rd Gen Retro Radio Blue,3rd-Gen-New,no,COLOR,Radio Blue,,,no,,PHONE_ACCESSORY,Meyaar Compatible with AirPods 3 Case Cover for AirPods 3rd Generation Charging Case 2021 Silicone Protective Accessories Skin with Keychain (Radio Blue),,,
B09RGSXMTC,3rd Gen (BlackDog),3rd-Gen-New,no,COLOR,Black Dog,,,no,,PHONE_ACCESSORY,Meyaar Compatible with AirPods 3 Case Cover for AirPods 3rd Generation Charging Case 2021 Silicone Protective Accessories Skin with Keychain (Black Dog),,,
B09RGT9BGD,3rd Gen Batman,3rd-Gen-New,no,COLOR,Bat-Man Black,,,no,,PORTABLE_ELECTRONIC_DEVICE_COVER,Meyaar Compatible with AirPods 3 Case Cover for AirPods 3rd Generation Charging Case 2021 Silicone Protective Accessories Skin with Keychain (Bat-Man Black),,,
B09RGTDYC8,3rd Gen Nintendo,3rd-Gen-New,no,COLOR,Nin-tendo Blue,,,no,,PORTABLE_ELECTRONIC_DEVICE_COVER,Meyaar Compatible with AirPods 3 Case Cover for AirPods 3rd Generation Charging Case 2021 Silicone Protective Accessories Skin with Keychain (Nin-tendo Blue),,,
B09RGTF52C,3rd Gen Yoda,3rd-Gen-New,no,COLOR,Yoda,,,no,,PHONE_ACCESSORY,Meyaar Compatible with AirPods 3 Case Cover for AirPods 3rd Generation Charging Case 2021 Silicone Protective Accessories Skin with Keychain,,,
B09RGTHK89,3rd Gen Gaming console Blk,3rd-Gen-New,no,COLOR,Console Black,,,no,,PORTABLE_ELECTRONIC_DEVICE_COVER,Meyaar Compatible with AirPods 3 Case Cover for AirPods 3rd Generation Charging Case 2021 Silicone Protective Accessories Skin with Keychain (Console Black),,,
B09RGTLVTP,3rd Gen Retro Radio Green,3rd-Gen-New,no,COLOR,Radio Green,,,no,,PHONE_ACCESSORY,Meyaar Compatible with AirPods 3 Case Cover for AirPods 3rd Generation Charging Case 2021 Silicone Protective Accessories Skin with Keychain (Radio Green),,,
B09RGV2CP5,3rd Gen Gaming Console White,3rd-Gen-New,no,COLOR,Console White,,,no,,PHONE_ACCESSORY,Meyaar Compatible with AirPods 3 Case Cover for AirPods 3rd Generation Charging Case 2021 Silicone Protective Accessories Skin with Keychain (Console White),,,
B09RGVBNTN,3rd Gen Star Pink,3rd-Gen-New,no,COLOR,Star-Bucks Cup Pink,,,no,,PORTABLE_ELECTRONIC_DEVICE_COVER,Meyaar Compatible with AirPods 3 Case Cover for AirPods 3rd Generation Charging Case 2021 Silicone Protective Accessories Skin with Keychain (Star-Bucks Cup Pink),,,
B09RGWBM44,3rd Gen Wall-E,3rd-Gen-New,no,COLOR,Wall-E Robot,,,no,,PORTABLE_ELECTRONIC_DEVICE_COVER,Meyaar Compatible with AirPods 3 Case Cover for AirPods 3rd Generation Charging Case 2021 Silicone Protective Accessories Skin with Keychain (Wall-E Robot),,,
B09RGXV44H,3rd Gen Polarbear,3rd-Gen-New,no,COLOR,Polar-bear,,,no,,PORTABLE_ELECTRONIC_DEVICE_COVER,Meyaar Compatible with AirPods 3 Case Cover for AirPods 3rd Generation Charging Case 2021 Silicone Protective Accessories Skin with Keychain (Polar-bear),,,
B09RHD955J,3rd Gen --(BLK DOG),Airpods 3rd Gen,no,COLOR,Black Dog,,,no,,PORTABLE_ELECTRONIC_DEVICE_COVER,"Meyaar For AirPods 3 Case Cover with Keychain Neck, Protective Silicone Case Skin Compatible with AirPods 3rd Generation (2021 Released), Shockproof, Supports Wireless Charging (Black Dog)",,,
B09RHDHN9L,3rd Gen --(Console Black),Airpods 3rd Gen,no,COLOR,Console Black,,,no,,PORTABLE_ELECTRONIC_DEVICE_COVER,"Meyaar For AirPods 3 Case Cover with Keychain Neck, Protective Silicone Case Skin Compatible with AirPods 3rd Generation (2021 Released), Shockproof, Supports Wireless Charging (Console Black)",,,
B09RHDZD4G,3rd Gen --(Console White),Airpods 3rd Gen,no,COLOR,Console White,,,no,,PORTABLE_ELECTRONIC_DEVICE_COVER,"Meyaar For AirPods 3 Case Cover with Keychain Neck, Protective Silicone Case Skin Compatible with AirPods 3rd Generation (2021 Released), Shockproof, Supports Wireless Charging (Console White)",,,
B09RHFYSLW,3rd Gen --(Bat-Man Blk),Airpods 3rd Gen,no,COLOR,Bat-Man,,,no,,PORTABLE_ELECTRONIC_DEVICE_COVER,"Meyaar For AirPods 3 Case Cover with Keychain Neck, Protective Silicone Case Skin Compatible with AirPods 3rd Generation (2021 Released), Shockproof, Supports Wireless Charging (Bat-Man)",,,
B09RHKWJ5C,3rd Gen --(Radio.Green.3rd),Airpods 3rd Gen,no,COLOR,Radio Green,,,no,,PORTABLE_ELECTRONIC_DEVICE_COVER,"Meyaar For AirPods 3 Case Cover with Keychain Neck, Protective Silicone Case Skin Compatible with AirPods 3rd Generation (2021 Released), Shockproof, Supports Wireless Charging (Radio Green)",,,
B09RHKY39H,3rd Gen--(Yoda.3rd),Airpods 3rd Gen,no,COLOR,Yo-da,,,no,,PORTABLE_ELECTRONIC_DEVICE_COVER,"Meyaar For AirPods 3 Case Cover with Keychain Neck, Protective Silicone Case Skin Compatible with AirPods 3rd Generation (2021 Released), Shockproof, Supports Wireless Charging (Yo-da)",,,
B09RHLL11N,3rd Gen --(Polarbear.3rd),Airpods 3rd Gen,no,COLOR,Polar-bear,,,no,,PORTABLE_ELECTRONIC_DEVICE_COVER,"Meyaar For AirPods 3 Case Cover with Keychain Neck, Protective Silicone Case Skin Compatible with AirPods 3rd Generation (2021 Released), Shockproof, Supports Wireless Charging (Polar-bear)",,,
B09RHM89LY,3rd Gen --(Wall-E-3rd),Airpods 3rd Gen,no,COLOR,Wall-E,,,no,,PORTABLE_ELECTRONIC_DEVICE_COVER,"Meyaar For AirPods 3 Case Cover with Keychain Neck, Protective Silicone Case Skin Compatible with AirPods 3rd Generation (2021 Released), Shockproof, Supports Wireless Charging (Wall-E)",,,
B09RHMX38Q,3rd Gen --(Radio-BLue.3rd),3rd Generation Cute All,no,COLOR,Retro Radio Neavy Blue,,,no,,PORTABLE_ELECTRONIC_DEVICE_COVER,"Meyaar Cute Silicone Case Compatible with Airpods 3rd Generation Case (2021), Two Part Design with Carabiner Hook, For Apple AirPods 3rd Gen Case (Retro Radio Neavy Blue)",,,
B09RHYPB75,3rd Gen --(Nin-tendo.3rd),Airpods 3rd Gen,no,COLOR,Nin-tendo,,,no,,PORTABLE_ELECTRONIC_DEVICE_COVER,"Meyaar For AirPods 3 Case Cover with Keychain Neck, Protective Silicone Case Skin Compatible with AirPods 3rd Generation (2021 Released), Shockproof, Supports Wireless Charging (Nin-tendo)",,,
B09RMSLK41,3rdGen-(Marshall).3rd,3rd-Gen-New,no,COLOR,Mar-shall,,,no,,PORTABLE_ELECTRONIC_DEVICE_COVER,Meyaar Compatible with AirPods 3 Case Cover for AirPods 3rd Generation Charging Case 2021 Silicone Protective Accessories Skin with Keychain (Mar-shall),,,
B09RMWC7WP,3rd--(Marshall-3rd.Gen),Airpods 3rd Gen,no,COLOR,Mar-shall,,,no,,PORTABLE_ELECTRONIC_DEVICE_COVER,"Meyaar For AirPods 3 Case Cover with Keychain Neck, Protective Silicone Case Skin Compatible with AirPods 3rd Generation (2021 Released), Shockproof, Supports Wireless Charging (Mar-shall)",,,
B09SK7Q5D9,3rd Gen (Night Fury).3rd,Airpods 3rd Gen,no,COLOR,Night-Fury (Dragon),,,no,,PORTABLE_ELECTRONIC_DEVICE_COVER,"Meyaar For AirPods 3 Case Cover with Keychain Neck, Protective Silicone Case Skin Compatible with AirPods 3rd Generation (2021 Released), Shockproof, Supports Wireless Charging (Night-Fury (Dragon))",,,
B09SK9V5TY,3rd-Gen-(NightFury).3rd,3rd-Gen-New,no,COLOR,Night-Fury Black,,,no,,PHONE_ACCESSORY,Meyaar Compatible with AirPods 3 Case Cover for AirPods 3rd Generation Charging Case 2021 Silicone Protective Accessories Skin with Keychain (Night-Fury Black),,,
B09SL45Q9Y,3rd.Gen. Console(White+Black)(2 Pack),3rd-Gen-New,no,COLOR,Console Black + White (2 Pack),,,no,,PHONE_ACCESSORY,Meyaar Compatible with AirPods 3 Case Cover for AirPods 3rd Generation Charging Case 2021 Silicone Protective Accessories Skin with Keychain (Console Black + White (2 Pack)),,,
B09SL5T2KY,3rd Gen (Matcha Green)3rd,Airpods 3rd Gen,no,COLOR,Matcha Green,,,no,,PORTABLE_ELECTRONIC_DEVICE_COVER,"Meyaar For AirPods 3 Case Cover with Keychain Neck, Protective Silicone Case Skin Compatible with AirPods 3rd Generation (2021 Released), Shockproof, Supports Wireless Charging (Matcha Green)",,,
B09TRRFQNL,3rd-Gen(Micky.Mouse)3rd,Airpods 3rd Gen,no,COLOR,Mic.key-Mouse,,,no,,PORTABLE_ELECTRONIC_DEVICE_COVER,"Meyaar For AirPods 3 Case Cover with Keychain Neck, Protective Silicone Case Skin Compatible with AirPods 3rd Generation (2021 Released), Shockproof, Supports Wireless Charging (Mic.key-Mouse)",,,
B09TRTR9MW,3rd-Gen(Venom)-3rd gen,Airpods 3rd Gen,no,COLOR,Venom,,,yes,,PORTABLE_ELECTRONIC_DEVICE_COVER,"Meyaar For AirPods 3 Case Cover with Keychain Neck, Protective Silicone Case Skin Compatible with AirPods 3rd Generation (2021 Released), Shockproof, Supports Wireless Charging (Venom)",https://m.media-amazon.com/images/I/51KtYdMfs+L.jpg,,
B09XJCN8SW,OnePlus_buds Z.2- (Green),I0-NW0T-N2HU,no,COLOR,Military Green,,,yes,,PORTABLE_ELECTRONIC_DEVICE_COVER,Meyaar Silicone Case Cover Compatible With OnePlus Buds Z2 (2022) (Earbuds Not Included) (Military Green),https://m.media-amazon.com/images/I/61oOl2NfkBL.jpg,,
B09XK8315Z,3X-JSW9-OKOK,,no,,,,,yes,,WATCH_BAND,Meyaar Silicon Replacement Strap Band Only Compatible with Mi Band 4C : (Tracker Not Included) (Blue),https://m.media-amazon.com/images/I/316KBeVeVnL.jpg,,
B09XK8R57X,Mi_4C_(Green),,no,,,,,yes,,WATCH_BAND,Meyaar Silicon Replacement Strap Band Only Compatible with Mi Band 4C : (Tracker Not Included) (Green),https://m.media-amazon.com/images/I/31sX-AyccWL.jpg,,
B09Y43MVMH,Leather_Boat_141(Leather)_(Black),141,no,COLOR,Leather Black,,,yes,,PORTABLE_ELECTRONIC_DEVICE_COVER,Meyaar Leather Case Cover Only Compatible With Boat Airdopes 141 & Boat Airdopes 148 (Earbuds Not Included) (Leather Black) (NOT MADE FOR 141 ANC),https://m.media-amazon.com/images/I/71GZbHpGvVL.jpg,,
B09Y7RNQRV,Xtend_silicone_(Wine),Boat xtend,no,BAND_COLOR,Wine,,,yes,,WATCH_BAND,"Meyaar Silicone Replacement Bands Compatible with Fitbit Versa/Versa 2 / Versa Lite, & for Boat Xtend smartwatch Adjustable Classic Accessory Wristband Fitness Straps for Women Men (Wine)",https://m.media-amazon.com/images/I/518hBojG2vL.jpg,,
B09YBKHBH1,Realme.band.1-(Blk),,no,,,,,yes,,WATCH_BAND,Meyaar Silicon Strap Band Only Compatible with Realme Band : (Tracker Not Included) (Black) (Black),https://m.media-amazon.com/images/I/51oDc3e26WL.jpg,,
B09YCY1CJD,Realme_Pad_(Light Brown),Realme Tab,no,COLOR,Light Brown,,,yes,,PORTABLE_ELECTRONIC_DEVICE_COVER,"Synthetic Leather Flip Cover Case Back for Realme Pad Case Cover 10.4"" inch, 2021 Model (Light Brown)",https://m.media-amazon.com/images/I/81PceMMYMVL.jpg,,
B09YCYGYHB,Realme_Pad_(Black),Realme Tab,no,COLOR,Black,,,no,,PORTABLE_ELECTRONIC_DEVICE_COVER,"Synthetic Leather Flip Cover Case Back for Realme Pad Case Cover 10.4"" inch, 2021 Model (Black)",,,
B09YVLP4B4,3rd_Gen_(Kakashi),Airpods 3rd Gen,no,COLOR,Kakashi,,,yes,,PORTABLE_ELECTRONIC_DEVICE_COVER,Meyaar Soft Silicon Core Cover Case Compatible with Airpods 3rd Generation. (2021) - (Kakashi),https://m.media-amazon.com/images/I/51jKF+gxa9L.jpg,,
B09ZHZKGHS,131-(Leather)(Dark.Brown)-131,131- Leather,no,COLOR,Dark Brown,,,yes,,PORTABLE_ELECTRONIC_DEVICE_COVER,Meyaar leather Case Cover Only Compatible With Boat Airdopes 131 & 138 Leather Cover For Boat Airdopes 131 & Airdopes 138 - (Only Cover) (Dark Brown),https://m.media-amazon.com/images/I/71AskjtOJNL.jpg,,
B09ZJ1SWDZ,131-(Leather)(Blk)-131,131- Leather,no,COLOR,Black,,,yes,,PORTABLE_ELECTRONIC_DEVICE_COVER,Meyaar leather Case Cover Only Compatible With Boat Airdopes 131 & 138 Leather Cover For Boat Airdopes 131 & Airdopes 138 - (Only Cover) (Black),https://m.media-amazon.com/images/I/71uWB2S8ELL.jpg,,
B09ZLSF4DR,3rd_Gen--(Jack-Sarrow)whiskey.3rd,Airpods 3rd Gen,no,COLOR,Whiskey,,,yes,,PORTABLE_ELECTRONIC_DEVICE_COVER,Meyaar Soft Silicon Core Cover Case Compatible with Airpods 3rd Generation. (2021) - (Whiskey),https://m.media-amazon.com/images/I/61vV5f-bRoL.jpg,,
B09ZMH17XH,Galaxy_Watch.4_Silicon.strap-(Wine),Galaxy Watch 4 (Silicon),no,BAND_COLOR,Wine Red,,,yes,yes,WATCH_BAND,"Meyaar Soft Silicone Compatible for Samsung Galaxy Watch4 Band 40mm 44mm/Galaxy Watch 4 Classic Bands 46mm 42mm/Galaxy Watch 3 Band 41mm, 20mm Watch Band Bracelet Sports Strap for Men Women (Burgundy)",https://m.media-amazon.com/images/I/418t3gYhtUL.jpg,,
B09ZRKNZK9,131_Leather_((TAN)),Leather 131 & 138,no,COLOR,Light Brown Leather,,,yes,,PORTABLE_ELECTRONIC_DEVICE_COVER,Meyaar Premium leather Case Cover Only Compatible With Boat Airdopes 138 & 131 Leather Cover For Boat Airdopes 131 & Airdopes 138 - (Only Cover) (Earbuds Not Included) (Light Brown Leather),https://m.media-amazon.com/images/I/61+7a+wLKoL.jpg,,
B09ZRR6MJ3,3rd.Gen-Ice-(Pink.3rd),Airpods 3rd Gen,no,COLOR,Ice Cream Strawberry,,,yes,,PORTABLE_ELECTRONIC_DEVICE_COVER,Meyaar Soft Silicon Core Cover Case Compatible with Airpods 3rd Generation. (2021) - (Ice Cream Strawberry),https://m.media-amazon.com/images/I/61ORIhr8BxL.jpg,,
B09ZRS2GDZ,131_Leather_((Dark.Brown),Leather 131 & 138,no,COLOR,Dark Brown Leather,,,yes,,PORTABLE_ELECTRONIC_DEVICE_COVER,Meyaar Premium leather Case Cover Only Compatible With Boat Airdopes 138 & 131 Leather Cover For Boat Airdopes 131 & Airdopes 138 - (Only Cover) (Earbuds Not Included) (Dark Brown Leather),https://m.media-amazon.com/images/I/61IZ-eCtySL.jpg,,
B0B136MRS2,Pencil.2nd.gen-(pink).Single,Pencil Sleeve,no,COLOR,Pink,,,yes,,PORTABLE_ELECTRONIC_DEVICE_COVER,"Meyaar Silicone Skin Cover for Apple Pencil 2nd Generation, and Protective Cover Accessories Compatible with iPad Pro 11 12.9 inch, (Pink)",https://m.media-amazon.com/images/I/41+WZ7FxfQL.jpg,,
B0B13RD71V,Pencil.2nd.gen-(purple).Single,Pencil Sleeve,no,COLOR,Purple,,,yes,,PORTABLE_ELECTRONIC_DEVICE_COVER,"Meyaar Silicone Skin Cover for Apple Pencil 2nd Generation, and Protective Cover Accessories Compatible with iPad Pro 11 12.9 inch, (Purple)",https://m.media-amazon.com/images/I/41UhBIf3JhL.jpg,,
B0B1FXCVY7,3rD.Gen.-(Polar bear)),3rd Generation Cute All,no,COLOR,Polar Bear Camera,,,yes,,PORTABLE_ELECTRONIC_DEVICE_COVER,"Meyaar Cute Silicone Case Compatible with Airpods 3rd Generation Case (2021), Two Part Design with Carabiner Hook, For Apple AirPods (3rd Generation) Case (Polar Bear Camera)",https://m.media-amazon.com/images/I/71P94cv4r4L.jpg,,
B0B1FXMRYP,3rD.Gen.-(MickeyMouse),3rd Generation Cute All,no,COLOR,Mic-key Mouse,,,yes,,PORTABLE_ELECTRONIC_DEVICE_COVER,"Meyaar Cute Silicone Case Compatible with Airpods 3rd Generation Case (2021), Two Part Design with Carabiner Hook, For Apple AirPods (3rd Generation) Case (Mic-key Mouse)",https://m.media-amazon.com/images/I/61Hdhm6gwxL.jpg,,
B0B1G5T4ZM,3rD.Gen.-(Star-Pink),3rd Generation Cute All,no,COLOR,Coffee Cup strawberry,,,yes,,PORTABLE_ELECTRONIC_DEVICE_COVER,"Meyaar Cute Silicone Case Compatible with Airpods 3rd Generation Case (2021), Two Part Design with Carabiner Hook, For Apple AirPods (3rd Generation) Case (Coffee Cup strawberry)",https://m.media-amazon.com/images/I/61d6q0kwZRL.jpg,,
B0B1G7F7KH,3rD.Gen.-(WHISKEY),3rd Generation Cute All,no,COLOR,Jack Sarrow - Whisky,,,yes,,PORTABLE_ELECTRONIC_DEVICE_COVER,"Meyaar Cute Silicone Case Compatible with Airpods 3rd Generation Case (2021), Two Part Design with Carabiner Hook, For Apple AirPods (3rd Generation) Case (Jack Sarrow - Whisky)",https://m.media-amazon.com/images/I/71Kso-V5kBL.jpg,,
B0B1G87VXB,3rD.Gen.-(Instagram))3,3rd Generation Cute All,no,COLOR,Insta-gram,,,yes,,PORTABLE_ELECTRONIC_DEVICE_COVER,"Meyaar Cute Silicone Case Compatible with Airpods 3rd Generation Case (2021), Two Part Design with Carabiner Hook, For Apple AirPods (3rd Generation) Case (Insta-gram)",https://m.media-amazon.com/images/I/71RQHwtMt2L.jpg,,
B0B1G97TND,3rD.Gen.-(Ice_Pink),3rd Generation Cute All,no,COLOR,Ice Cream Strawberry,,,yes,,PORTABLE_ELECTRONIC_DEVICE_COVER,"Meyaar Cute Silicone Case Compatible with Airpods 3rd Generation Case (2021), Two Part Design with Carabiner Hook, For Apple AirPods (3rd Generation) Case (Ice Cream Strawberry)",https://m.media-amazon.com/images/I/61YzyDr6BFL.jpg,,
B0B1G9SJFC,3rD.Gen.-(wall-E),3rd Generation Cute All,no,COLOR,Wall E,,,yes,,PORTABLE_ELECTRONIC_DEVICE_COVER,"Meyaar Cute Silicone Case Compatible with Airpods 3rd Generation Case (2021), Two Part Design with Carabiner Hook, For Apple AirPods (3rd Generation) Case (Wall E)",https://m.media-amazon.com/images/I/612tWLGtZsL.jpg,,
B0B1GK2TTN,3rD.Gen.-(Kakashi),3rd Generation Cute All,no,COLOR,Kaka.shi,,,yes,,PORTABLE_ELECTRONIC_DEVICE_COVER,"Meyaar Cute Silicone Case Compatible with Airpods 3rd Generation Case (2021), Two Part Design with Carabiner Hook, For Apple AirPods (3rd Generation) Case (Kaka.shi)",https://m.media-amazon.com/images/I/515RTMH8AFL.jpg,,
B0B1GL5LCL,3rD.Gen.-(Batman),3rd Generation Cute All,no,COLOR,Bat-Man,,,yes,,PORTABLE_ELECTRONIC_DEVICE_COVER,"Meyaar Cute Silicone Case Compatible with Airpods 3rd Generation Case (2021), Two Part Design with Carabiner Hook, For Apple AirPods (3rd Generation) Case (Bat-Man)",https://m.media-amazon.com/images/I/71ysq+xu3aL.jpg,,
B0B1GX7L46,Gen.3rd.(Console.White),3rd Generation Cute All,no,COLOR,Video Game Console White,,,yes,,PORTABLE_ELECTRONIC_DEVICE_COVER,"Meyaar Cute Silicone Case Compatible with Airpods 3rd Generation Case (2021), Two Part Design with Carabiner Hook, For Apple AirPods (3rd Generation) Case (Video Game Console White)",https://m.media-amazon.com/images/I/71+aRvZcraL.jpg,,
B0B1H6485P,Gen.3rd.(Ve-nom),3rd Generation Cute All,no,COLOR,Ve-nom,,,yes,,PORTABLE_ELECTRONIC_DEVICE_COVER,"Meyaar Cute Silicone Case Compatible with Airpods 3rd Generation Case (2021), Two Part Design with Carabiner Hook, For Apple AirPods (3rd Generation) Case (Ve-nom)",https://m.media-amazon.com/images/I/71PYpydbB7L.jpg,,
B0B1H9RQMN,Gen.3rd.(RED.DOG)),3rd Generation Cute All,no,COLOR,Dog Red,,,yes,,PORTABLE_ELECTRONIC_DEVICE_COVER,"Meyaar Cute Silicone Case Compatible with Airpods 3rd Generation Case (2021), Two Part Design with Carabiner Hook, For Apple AirPods (3rd Generation) Case (Dog Red)",https://m.media-amazon.com/images/I/61VXgMEpZoL.jpg,,
B0B1HHJVCD,Gen.3rd.(Fury-Night_Dragon),3rd Generation Cute All,no,COLOR,Dragon,,,yes,,PORTABLE_ELECTRONIC_DEVICE_COVER,"Meyaar Cute Silicone Case Compatible with Airpods 3rd Generation Case (2021), Two Part Design with Carabiner Hook, For Apple AirPods (3rd Generation) Case (Dragon)",https://m.media-amazon.com/images/I/61ayHMyI2TL.jpg,,
B0B1Q7RW8M,22mm-Chain-(Silver),22mm chain,no,BAND_COLOR,Silver,,,yes,yes,WATCH_BAND,Meyaar Stainless Steel Magnetic Mesh Bracelet Band Only Compatible With realme Smart Watch 2 Pro (Watch Not Included) (Silver),https://m.media-amazon.com/images/I/81aK9XsMigL.jpg,,
B0B21YZGYR,Gen.3rd.(Blk.. Console),3rd Generation Cute All,no,COLOR,Gaming Console,,,yes,,PORTABLE_ELECTRONIC_DEVICE_COVER,"Meyaar Cute Silicone Case Compatible with Airpods 3rd Generation Case (2021), Two Part Design with Carabiner Hook, For Apple AirPods (3rd Generation) Case (Gaming Console)",https://m.media-amazon.com/images/I/71skzoE1DvL.jpg,,
B0B22Z1XPH,Ap_3rd_Generation_(BlkyDog)),3rd Generation Cute All,no,COLOR,Bully Dog,,,yes,,PORTABLE_ELECTRONIC_DEVICE_COVER,"Meyaar Cute Silicone Case Compatible with Airpods 3rd Generation Case (2021), Two Part Design with Carabiner Hook, For Apple AirPods 3rd Gen Case (Bully Dog)",https://m.media-amazon.com/images/I/619Tf9cin1L.jpg,,
B0B2FFT7CS,OnePlus_Band_(Dark_Green),,no,,,,,yes,,WATCH_BAND,Meyaar Silicon Strap Band for OnePlus Smart Band & Oppo Smart Band (Tracker not Included) (Military Green),https://m.media-amazon.com/images/I/31MFylapQEL.jpg,,
B0B2GR7R8Y,OnePlus_Band_(Pink),,no,,,,,yes,,WATCH_BAND,Meyaar Silicon Strap Band for OnePlus Smart Band & Oppo Smart Band (Tracker not Included) (Pink),https://m.media-amazon.com/images/I/31JLTSJQM4L.jpg,,
B0B2LMMTWG,1+Band-(skyBlue+Mint.Green)-2Q,,no,,,,,yes,,WATCH_BAND,Meyaar Silicon Strap Band for OnePlus Smart Band & Oppo Smart Band (Tracker not Included) (Mint Green + Sky Blue 2 Pack),https://m.media-amazon.com/images/I/71smcl6EZ9L.jpg,,
B0B2M363NN,Mi_4C_Strap_(Red),,no,,,,,yes,,WATCH_BAND,Meyaar Silicon Replacement Strap Band Only Compatible with Mi Band 4C (1.08Inch) : (Tracker Not Included) (Red),https://m.media-amazon.com/images/I/51V9147n9ZL.jpg,,
B0B2SJHJ7F,Realme_Band_(Sand),,no,,,,,yes,,WATCH_BAND,Meyaar Silicon Strap Band Only Compatible with Realme Band : (Tracker Not Included) (Beige),https://m.media-amazon.com/images/I/41K79yDd32L.jpg,,
B0B2YXM7HL,OnePlus_(Pro)_(Pink),1+Buds Pro,no,COLOR,Pink,,,yes,,PORTABLE_ELECTRONIC_DEVICE_COVER,Meyaar Silicone Case Compatible with OnePlus Buds Pro (Earbuds Not Included) (Pink),https://m.media-amazon.com/images/I/51vjCJ6CrOL.jpg,,
B0B2ZFMJT6,Nord-Buds-(Black),OnePlus Nord Buds,no,COLOR,Black,,,yes,,PORTABLE_ELECTRONIC_DEVICE_COVER,Meyaar Silicone Case Compatible with OnePlus Nord Buds (Earbuds Not Included) (Black),https://m.media-amazon.com/images/I/41upRxsxjbL.jpg,,
B0B2ZTGG5Y,Nord-Buds-(Pink),OnePlus Nord Buds,no,COLOR,Pink,,,yes,,PORTABLE_ELECTRONIC_DEVICE_COVER,Meyaar Silicone Case Compatible with OnePlus Nord Buds (Earbuds Not Included) (Pink),https://m.media-amazon.com/images/I/61z7yHL-PrL.jpg,,
B0B4RZ4XQ9,3rd_Gen_((Radio.PINK)),Retro Radio 3rd Gen,no,COLOR,Radio Pink,,,yes,,PORTABLE_ELECTRONIC_DEVICE_COVER,Meyaar Silicone Retro Radio Cover Compatible with Airpods 3rd Gen. Case (2021) With Hook (Radio Pink),https://m.media-amazon.com/images/I/616Cu0xBInL.jpg,,
B0B4S9ZZ59,Realme.Buds.Air-3-(BLUE),Realme Buds Air 3,no,COLOR,Blue,,,yes,,PORTABLE_ELECTRONIC_DEVICE_COVER,Meyaar 2 Piece Design Silicone Case Compatible with Realme Buds Air 3 (Earbuds Not Included) (Only Silicone Cover) (Blue),https://m.media-amazon.com/images/I/61DJa4CFQHL.jpg,,
B0B4SBLV66,Realme.Buds.Air-3-(BLACK),Realme Buds Air 3,no,COLOR,Black,,,yes,,PORTABLE_ELECTRONIC_DEVICE_COVER,Meyaar 2 Piece Design Silicone Case Compatible with Realme Buds Air 3 (Earbuds Not Included) (Only Silicone Cover) (Black),https://m.media-amazon.com/images/I/61QYxFyVz0L.jpg,,
B0B4SC9T6T,Realme.Buds.Air-3-(GREEN),Realme Buds Air 3,no,COLOR,Green,,,yes,,PORTABLE_ELECTRONIC_DEVICE_COVER,Meyaar 2 Piece Design Silicone Case Compatible with Realme Buds Air 3 (Earbuds Not Included) (Only Silicone Cover) (Green),https://m.media-amazon.com/images/I/61B3TJuAO3L.jpg,,
B0B5HTHHL2,3rd....(Radioo.GREEN)),3rd Generation Cute All,no,COLOR,Radio Teal,,,yes,,PORTABLE_ELECTRONIC_DEVICE_COVER,"Meyaar Cute Silicone Case Compatible with Airpods 3rd Generation Case (2021), Two Part Design with Carabiner Hook, For Apple AirPods 3rd Gen Case (Radio Teal)",https://m.media-amazon.com/images/I/61WtLX0n2SL.jpg,,
B0B5NBGQ3K,18mm_chain_(Dark.Blue),18mm_chain--1,no,COLOR,Dark Blue,,,yes,,WATCH_BAND,"Meyaar Magnetic Chain Compatible With Fossil Sports , Fossil Gen 6 , Fossil Stella Gen 6 , Fossil Hybrid Smartwatch HR Scarlette Smartwatch Only Mesh Strap with Adjustable Loop (Dark Blue)",https://m.media-amazon.com/images/I/41rRw7zNLtL.jpg,,
B0B5NC7JLB,18mm_chain_(Silver),18mm_chain--1,no,COLOR,Silver,,,yes,,WATCH_BAND,"Meyaar Magnetic Chain Compatible With Fossil Sports , Fossil Gen 6 , Fossil Stella Gen 6 , Fossil Hybrid Smartwatch HR Scarlette Smartwatch Only Mesh Strap with Adjustable Loop (Silver)",https://m.media-amazon.com/images/I/71VD-MoWOgL.jpg,,
B0B5NCW885,18mm_chain_(Black),18mm_chain--1,no,COLOR,Black,,,yes,,WATCH_BAND,Meyaar Magnetic Chain 18mm Strap Compatible with Watches with 18mm Lugs(Width) (Black),https://m.media-amazon.com/images/I/41XCQz8uSGS.jpg,,
B0B5PH24RK,Realme band--(Grey),,no,,,,,yes,,WATCH_BAND,Meyaar Silicon Strap Band Only Compatible with Realme Band (Not For Any other Brand Watch) : (Tracker Not Included) (Strap Only) (Grey),https://m.media-amazon.com/images/I/419iWrxcCiL.jpg,,
B0B61SM284,Realme..Band_(Skin),,no,,,,,yes,,WATCH_BAND,Meyaar Silicon Strap Band Only Compatible with Realme Band (Not For Any other Brand Watch) : (Tracker Not Included) (Strap Only) (Peach),https://m.media-amazon.com/images/I/41LR7w9+u8L.jpg,,
B0B64G7VGW,18mm-RB-2(Silicone)-(BLACK),Realme Band 2,no,BAND_COLOR,Black,,,yes,,WATCH_BAND,Meyaar Soft Silicon Strap Band Only Compatible With realme Band 2 (Not For Any other Brand Watch) : (Tracker Not Included) (Strap Only) (Black),https://m.media-amazon.com/images/I/41Bt6l9zJ5L.jpg,,
B0B64H6YD5,18mm-RB-2(Silicone)-(Skin),Realme Band 2,no,BAND_COLOR,Skin,,,yes,,WATCH_BAND,Meyaar Soft Silicon Strap Band Only Compatible With realme Band 2 (Not For Any other Brand Watch) : (Tracker Not Included) (Strap Only) (Skin),https://m.media-amazon.com/images/I/31s2-OiJxoL.jpg,,
B0B6WSJGLS,Xtend_(Chain)_(SILVER),Xtend Magnetic,no,BAND_COLOR,Silver,,,yes,,WATCH_BAND,"Meyaar Stainless Steel Magnetic Band Only Compatible With boAt Xtend Smartwatch, Mesh Strap with Adjustable Loop, Metal Wristband for boAt Xtend Smartwatch (Watch Not Included) (Silver)",https://m.media-amazon.com/images/I/81nlnOSstlL.jpg,,
B0B6WVW514,Xtend_(Chain)_(GOLD),Xtend Magnetic,no,BAND_COLOR,Sona Gold,,,yes,,WATCH_BAND,"Meyaar Stainless Steel Magnetic Band Only Compatible With boAt Xtend Smartwatch, Mesh Strap with Adjustable Loop, Metal Wristband for boAt Xtend Smartwatch (Watch Not Included) (Sona Gold)",https://m.media-amazon.com/images/I/614-MBH2TEL.jpg,,
B0B6Y2C2GT,Realme.Air-3-(GREEN),Air 3,no,COLOR,Green,,,yes,,PORTABLE_ELECTRONIC_DEVICE_COVER,Meyaar Soft Silicone Case Compatible with Realme Buds Air 3 With Hook (Earbuds Not Included) (Only Silicone Cover) (Green),https://m.media-amazon.com/images/I/51GrtNYdUQL.jpg,,
B0B6YJ9R1S,Realme.Air-3-(BLACK),Air 3,no,COLOR,Black,,,yes,,PORTABLE_ELECTRONIC_DEVICE_COVER,Meyaar Soft Silicone Case Compatible with Realme Buds Air 3 With Hook (Earbuds Not Included) (Only Silicone Cover) (Black),https://m.media-amazon.com/images/I/51yErw4yGiL.jpg,,
B0B85JJB5Q,19mm-_Chain(BLUEE),,no,,,,,yes,,WATCH_BAND,"Meyaar Stainless Steel Magnetic Band Only Compatible With boAt Storm 1.3"" Smartwatch, Mesh Strap with Adjustable Loop (Watch Not Included) (Blue)",https://m.media-amazon.com/images/I/511mW1vvV3L.jpg,,
B0B85K7D75,19m-Chain(PINK),,no,,,,,yes,,WATCH_BAND,"Meyaar Stainless Steel Magnetic Band Only Compatible With Noise ColorFit Pro 2 Smartwatch, Mesh Strap with Adjustable Loop (Watch Not Included) (Rose Gold)",https://m.media-amazon.com/images/I/71iLIu-WsZL.jpg,,
B0B85KKD7H,19m-Chain((BLUE),,no,,,,,yes,,WATCH_BAND,"Meyaar Stainless Steel Magnetic Band Only Compatible With Noise ColorFit Pro 2 Smartwatch, Mesh Strap with Adjustable Loop (Watch Not Included) (Dark Blue)",https://m.media-amazon.com/images/I/61eLC+iHMNL.jpg,,
B0B85KLYK3,19mm_-Chain(SILVERR),,no,,,,,yes,,WATCH_BAND,"Meyaar Stainless Steel Magnetic Band Only Compatible With boAt Storm 1.3"" Smartwatch, Mesh Strap with Adjustable Loop (Watch Not Included) (Space Grey)",https://m.media-amazon.com/images/I/71PeRXFbNqS.jpg,,
B0B85M1G8Z,22mm_chainn_(PINK),,no,,,,,yes,,WATCH_BAND,"Meyaar Stainless Steel Magnetic Band Only Compatible With boAt Flash Edition Smart Watch, Mesh Strap with Adjustable Loop (Watch Not Included) (Rose Pink)",https://m.media-amazon.com/images/I/711xCvY15lL.jpg,,
B0B8JY5S8N,Chain__19mm__((SILVER)),19mm__Chain_strap,no,BAND_COLOR,Silver,,,yes,,WATCH_BAND,"Meyaar Stainless Steel Magnetic Band Only Compatible With Noise Colorfit Pulse Smartwatch, Mesh Strap with Adjustable Loop (Watch Not Included) (Silver)",https://m.media-amazon.com/images/I/71PeRXFbNqS.jpg,,
B0B8K1VJ9L,Chain__19mm__((PINK)),19mm__Chain_strap,no,BAND_COLOR,Pink,,,yes,,WATCH_BAND,"Meyaar Stainless Steel Magnetic Band Only Compatible With Noise Colorfit Pulse Smartwatch, Mesh Strap with Adjustable Loop (Watch Not Included) (Pink)",https://m.media-amazon.com/images/I/71iLIu-WsZL.jpg,,
B0B97P75QW,Dizo_buds_Z(BLACK),57-KP3V-C918,no,COLOR,Black,,,yes,,PORTABLE_ELECTRONIC_DEVICE_COVER,Meyaar Soft Silicone Case Compatible with DIZO Buds Z With Hook Only for DIZO by realme TechLife Buds Z (Earbuds Not Included) (Only Silicone Cover) (Black),https://m.media-amazon.com/images/I/6183At21LZL.jpg,,
B0B97RM65H,Dizo_buds_Z(Green),57-KP3V-C918,no,COLOR,Green,,,yes,,PORTABLE_ELECTRONIC_DEVICE_COVER,Meyaar Soft Silicone Case Compatible with DIZO Buds Z With Hook Only for DIZO by realme TechLife Buds Z (Earbuds Not Included) (Only Silicone Cover) (Green),https://m.media-amazon.com/images/I/51LPu0nKBVL.jpg,,
B0B97TS1XP,Dizo_buds_Z(BLUE),57-KP3V-C918,no,COLOR,Blue,,,yes,,PORTABLE_ELECTRONIC_DEVICE_COVER,Meyaar Soft Silicone Case Compatible with DIZO Buds Z With Hook Only for DIZO by realme TechLife Buds Z (Earbuds Not Included) (Only Silicone Cover) (Blue),https://m.media-amazon.com/images/I/51aEM7ioiQL.jpg,,
B0B97VMP44,22mm_chain..(GOLD),TH-8TP4-YYNH,no,BAND_COLOR,Gold,,,yes,,WATCH_BAND,"Meyaar Stainless Steel Mesh Bracelet Band Only Compatible with Fire-Boltt Talk 2 (BSW042) Smartwatch, Replacement Band Made For Fire-Boltt Talk 2 (Watch Not Included) (Gold)",https://m.media-amazon.com/images/I/614-MBH2TEL.jpg,,
B0B9K3GP7Q,22.mm-(Chain)(Silver),,no,,,,,yes,,WATCH_BAND,"Meyaar Stainless Steel Mesh Bracelet Band Only Compatible with Fire-Boltt Talk Bluetooth Calling Smartwatch (BSW004), (Watch Not Included) (Black) (Silver)",https://m.media-amazon.com/images/I/71PeRXFbNqS.jpg,,
B0BBS65HX9,PRO-(TOM)),Pro Airpods,no,COLOR,Tom-Cat,,,no,,PORTABLE_ELECTRONIC_DEVICE_COVER,"Meyaar Cute Silicone Case Cover Only Compatible with Apple Airpods Pro, With Strong Keychain (Only Silicone Cover) (Tom-Cat)",,,
B0BBS7GW7H,PRO-(Unicorn),Pro Airpods,no,COLOR,Cute Horse,,,yes,,PORTABLE_ELECTRONIC_DEVICE_COVER,"Meyaar Cute Silicone Case Cover Only Compatible with Apple Airpods Pro, With Strong Keychain (Only Silicone Cover) (Cute Horse)",https://m.media-amazon.com/images/I/61IraYujT8L.jpg,,
B0BBS7QLDJ,PRO-(Elago-Black)-Pro,Pro Airpods,no,COLOR,Game Pad Black,,,yes,,PORTABLE_ELECTRONIC_DEVICE_COVER,"Meyaar Cute Silicone Case Cover Only Compatible with Apple Airpods Pro, With Strong Keychain (Only Silicone Cover) (Game Pad Black)",https://m.media-amazon.com/images/I/61P5+sB8V7L.jpg,,
B0BBS83ZTY,PRO-(MARLBORO-Pro),Pro Airpods,no,COLOR,Marl-boro,,,yes,,PORTABLE_ELECTRONIC_DEVICE_COVER,"Meyaar Cute Silicone Case Cover Only Compatible with Apple Airpods Pro, With Strong Keychain (Only Silicone Cover) (Marl-boro)",https://m.media-amazon.com/images/I/51FlHfWeytL.jpg,,
B0BBS93L1P,PRO-(DOG-WITH-Red-Band),Pro Airpods,no,COLOR,Black Dog With Red Headphones,,,yes,,PORTABLE_ELECTRONIC_DEVICE_COVER,"Meyaar Cute Silicone Case Cover Only Compatible with Apple Airpods Pro, With Strong Keychain (Only Silicone Cover) (Black Dog With Red Headphones)",https://m.media-amazon.com/images/I/615ZBatPVLL.jpg,,
B0BBS99Y39,PRO-(Elago-Grey),Pro Airpods,no,COLOR,Game Pad Grey,,,yes,,PORTABLE_ELECTRONIC_DEVICE_COVER,"Meyaar Cute Silicone Case Cover Only Compatible with Apple Airpods Pro, With Strong Keychain (Only Silicone Cover) (Game Pad Grey)",https://m.media-amazon.com/images/I/61+qLRUdXjL.jpg,,
B0BBSB8HQX,PRO-(DOG-WTH-Purpl-Band,Pro Airpods,no,COLOR,Black Dog With Purple Headphones,,,yes,,PORTABLE_ELECTRONIC_DEVICE_COVER,"Meyaar Cute Silicone Case Cover Only Compatible with Apple Airpods Pro, With Strong Keychain (Only Silicone Cover) (Black Dog With Purple Headphones)",https://m.media-amazon.com/images/I/41rQ2z5AbXL.jpg,,
B0BBSBLYT1,PRO-(Nintendo-Pro),Pro Airpods,no,COLOR,Nin-tendo,,,yes,,PORTABLE_ELECTRONIC_DEVICE_COVER,"Meyaar Cute Silicone Case Cover Only Compatible with Apple Airpods Pro, With Strong Keychain (Only Silicone Cover) (Nin-tendo)",https://m.media-amazon.com/images/I/61ktTi27E1L.jpg,,
B0BC4FCHFM,PRO-(VENOM),Pro Airpods,no,COLOR,Ve-nom,,,yes,,PORTABLE_ELECTRONIC_DEVICE_COVER,"Meyaar Cute Silicone Case Cover Only Compatible with Apple Airpods Pro, With Strong Keychain (Only Silicone Cover) (Ve-nom)",https://m.media-amazon.com/images/I/71Xm56UNm7L.jpg,,
B0BCSFB983,22mm.Chain..(Gold),15-KKNF-9SQK,no,COLOR,Sona Gold,,,yes,,WATCH_BAND,"Meyaar Magnetic Band Compatible with Noise ColorFit Ultra, Pro 3/Assist, Nav/Nav+,Endure, Fusion, Evolve, Active, Core, Agile Smartwatch Straps for Men & Women (Sona Gold)",https://m.media-amazon.com/images/I/71xajBkiugL.jpg,,
B0BCX7ZTXW,Leather-Versa-3-(BLACK),,no,,,,,yes,,WATCH_BAND,"Meyaar Leather Bands Compatible with Fitbit Sense/Fitbit Versa 3 Smart Watch, Classic Wristband Strap Replacement for Women & Men (Black)",https://m.media-amazon.com/images/I/818m8lzS1hL.jpg,,
B0BCXG862Y,22mm=Chain.(GOLD),Y2-VG27-TT46,no,COLOR,Gold,,,yes,,WATCH_BAND,"Meyaar Stainless Steel Magnetic Band Only Compatible With boAt Xtend Pro Smartwatch, Mesh Strap with Adjustable Loop, Metal Wristband for boAt Xtend Pro Smartwatch (Watch Not Included) (Gold)",https://m.media-amazon.com/images/I/71ZpncVJ1PL.jpg,,
B0BDMWHKCN,XT.23mm-Chain-(PINK),TH-USCP-ZIVP,no,COLOR,Rose Gold,,,yes,,WATCH_BAND,"Meyaar Bands Compatible with for Fitbit Versa 2 / Versa SE/Versa Lite/Versa, Breathable Stainless Steel Loop Mesh Magnetic Adjustable Wristbands for Women Men (Watch Not Included) (Rose Gold)",https://m.media-amazon.com/images/I/81T1b2JmrKL.jpg,,
B0BDT2W9FG,"22mm.CHain,(COLORFUL)",TA-LJ04-ZU3P,no,COLOR,Colorful,,,yes,,WATCH_BAND,"Meyaar Magnetic Band Compatible with ColorFit Pulse Buzz, ColorFit Grande, ColorFit Icon Plus, ColorFit Ultra/Ultra 2, ColorFit Pro 3/Alpha/Assist, ColorFit Pulse Grand For Men & Women (Colorful)",https://m.media-amazon.com/images/I/71UUcs7mj5L.jpg,,
B0BDT39BDH,"22mm.CHain,(GOLD)",TA-LJ04-ZU3P,no,COLOR,Sona Gold,,,yes,,WATCH_BAND,"Meyaar Magnetic Band Compatible with ColorFit Pulse Buzz, ColorFit Grande, ColorFit Icon Plus, ColorFit Ultra/Ultra 2, ColorFit Pro 3/Alpha/Assist, ColorFit Pulse Grand For Men & Women (Sona Gold)",https://m.media-amazon.com/images/I/71xajBkiugL.jpg,,
B0BDT6JQKF,22.mm.Chain.(COLORFUL),6O-Q3BQ-N4CZ,no,COLOR,Colorful,,,yes,,WATCH_BAND,"Meyaar Magnetic Band Compatible with ColorFit Vision, ColorFit Caliber, ColorFit Ultra Buzz, NoiseFit Buzz, Active, NoiseFit Endure, NoiseFit Agile, NoiseFit Fusion For Men & Women (Colorful)",https://m.media-amazon.com/images/I/71zn4nTF96L.jpg,,
B0BDT6QS4Q,"22mm.CHain,(BLACK)",TA-LJ04-ZU3P,no,COLOR,Black,,,yes,,WATCH_BAND,"Meyaar Magnetic Band Compatible with ColorFit Pulse Buzz, ColorFit Grande, ColorFit Icon Plus, ColorFit Ultra/Ultra 2, ColorFit Pro 3/Alpha/Assist, ColorFit Pulse Grand For Men & Women (Black)",https://m.media-amazon.com/images/I/71b4FWJ4dgL.jpg,,
B0BFBY1RDN,141.LEATHER-(Blue),141,no,COLOR,Leather Blue,,,yes,,PORTABLE_ELECTRONIC_DEVICE_COVER,Meyaar Leather Case Cover Only Compatible With Boat Airdopes 141 & Boat Airdopes 148 (Earbuds Not Included) (Leather Blue) (NOT MADE FOR 141 ANC),https://m.media-amazon.com/images/I/71ybQZyQtAL.jpg,,
B0BFBZ959L,141.LEATHER-(GREEN),141,no,COLOR,Leather Green,,,yes,,PORTABLE_ELECTRONIC_DEVICE_COVER,Meyaar Leather Case Cover Only Compatible With Boat Airdopes 141 & Boat Airdopes 148 (Earbuds Not Included) (Leather Green) (NOT MADE FOR 141 ANC),https://m.media-amazon.com/images/I/71moXvO8DhL.jpg,,
B0BFNRFYXT,Versa-3-Chn-(COLORFUL),Versa-3-Chain,no,COLOR,Colorful,,,yes,,WATCH_BAND,"Meyaar Bands Compatible with Fitbit Versa 3/Fitbit Sense, Stainless Steel Metal Adjustable Magnetic Wristbands Replacement Straps for Fitbit Versa 3/Sense Smartwatch Men Women (Colorful)",https://m.media-amazon.com/images/I/61JdnSlq-oL.jpg,,
B0BFNVY36Z,Versa-3(Colorful)-chain,Fitbit sense Chain Versa 3,no,BAND_COLOR,Colorful,,,yes,,WATCH_BAND,"Meyaar Metal Bands Compatible with Fitbit Sense / Fitbit Versa 3 for Women Men, Stainless Steel Mesh Breathable Wristband Strap with Adjustable Magnet Lock. Small Size (Colorful)",https://m.media-amazon.com/images/I/818Y2F4zdoL.jpg,,
B0BFXM2N55,Charge-5-(GREY),ZG-QL2B-3VY0,no,COLOR,Grey,,,yes,,WATCH_BAND,"Meyaar Silicone Bands Compatible with Fitbit Charge 5 for Women Men, Soft Strap Adjustable Sport Wristbands for Fitbit Charge 5 Fitness Tracker (Tracker not Included) (Grey)",https://m.media-amazon.com/images/I/51UkCRlAw1L.jpg,,
B0BFXPCWCG,Charge-5-(WHITE),ZG-QL2B-3VY0,no,COLOR,White,,,yes,,WEARABLE_COMPUTER,"Meyaar Silicone Bands Compatible with Fitbit Charge 5 for Women Men, Soft Strap Adjustable Sport Wristbands for Fitbit Charge 5 Fitness Tracker (Tracker not Included) (White)",https://m.media-amazon.com/images/I/413qrGVQUYL.jpg,,
B0BFYYQ4KL,Mirror-Pro-Marlboro,Pro Airpods,no,COLOR,OroblraM Mirror Image,,,yes,,PORTABLE_ELECTRONIC_DEVICE_COVER,"Meyaar Cute Silicone Case Cover Only Compatible with Apple Airpods Pro, With Strong Keychain (Only Silicone Cover) (OroblraM Mirror Image)",https://m.media-amazon.com/images/I/412UkeZ6UeL.jpg,,
B0BG62F69F,131_Leather(BLUE),Leather 131 & 138,no,COLOR,Blue Leather,,,yes,,PORTABLE_ELECTRONIC_DEVICE_COVER,Meyaar Premium leather Case Cover Only Compatible With Boat Airdopes 138 & 131 Leather Cover For Boat Airdopes 131 & Airdopes 138 - (Only Cover) (Earbuds Not Included) (Blue Leather),https://m.media-amazon.com/images/I/71+WObDVa+L.jpg,,
B0BG64HYN7,131-(Leather-BLUE),131- Leather,no,COLOR,Leather Blue,,,yes,,PORTABLE_ELECTRONIC_DEVICE_COVER,Meyaar leather Case Cover Only Compatible With Boat Airdopes 131 & 138 Leather Cover For Boat Airdopes 131 & Airdopes 138 - (Only Cover) (Leather Blue),https://m.media-amazon.com/images/I/71+WObDVa+L.jpg,,
B0BJ14W1J8,Iwatch-41mm-Case(Clear),5G-XF1J-QL4X,no,COLOR/SIZE,Clear,41mm,,yes,,SCREEN_PROTECTOR,"Meyaar Hard PC Case with Tempered Glass Screen Protector Compatible with Apple Watch Series 8 Series 7, Ultra-Thin Scratch Resistant Overall Protective Cover for iWatch S8 / S7 (41mm, Clear)",https://m.media-amazon.com/images/I/71FXGBmAGzL.jpg,,
B0BJ9P72PP,Steel-Strap-W5-(PINK),6Y-RTI9-DIQR,no,COLOR,Pink,,,yes,,WATCH_BAND,Meyaar Heavy Metal Strap for Samsung Galaxy Watch5 Pro | Galaxy Watch5 (44mm/40mm) | 4 (44mm/40mm) | 4 Classic (46mm/42mm) | 3 (41mm) | Galaxy Watch Active 2 (40mm/44mm) (Pink),https://m.media-amazon.com/images/I/61iPNWE1VqL.jpg,,
B0BJ9QNPX8,Steel-Strap-W5-(SILVER),6Y-RTI9-DIQR,no,COLOR,Silver,,,yes,,WATCH_BAND,Meyaar Heavy Metal Strap for Samsung Galaxy Watch5 Pro | Galaxy Watch5 (44mm/40mm) | 4 (44mm/40mm) | 4 Classic (46mm/42mm) | 3 (41mm) | Galaxy Watch Active 2 (40mm/44mm) (Silver),https://m.media-amazon.com/images/I/61YwXNbnrwL.jpg,,
B0BJ9QZCGB,Steel-Strap-W5(BLK+SLVR),6Y-RTI9-DIQR,no,COLOR,Black+ Silver (Pack of 2),,,yes,,WATCH_BAND,Meyaar 2 Pack Heavy Metal Strap for Samsung Galaxy Watch5 Pro | Galaxy Watch5 (44mm/40mm) | 4 (44mm/40mm) | 4 Classic (46mm/42mm) | 3 (41mm) | Galaxy Watch Active 2 (40mm/44mm) (Black+ Silver (Pack of 2)),https://m.media-amazon.com/images/I/81Ixt1kWbQL.jpg,,
B0BJ9YNXQM,Steel-Strap-W5-(BLACK),6Y-RTI9-DIQR,no,COLOR,Black,,,yes,,WATCH_BAND,Meyaar Heavy Metal Strap for Samsung Galaxy Watch5 Pro | Galaxy Watch5 (44mm/40mm) | 4 (44mm/40mm) | 4 Classic (46mm/42mm) | 3 (41mm) | Galaxy Watch Active 2 (40mm/44mm) (Black),https://m.media-amazon.com/images/I/51uBIvd6f8L.jpg,,
B0BJBJ7QDV,Steel-Strap-W5-(Gold),6Y-RTI9-DIQR,no,COLOR,Gold,,,yes,,WATCH_BAND,Meyaar Heavy Metal Strap for Samsung Galaxy Watch5 Pro | Galaxy Watch5 (44mm/40mm) | 4 (44mm/40mm) | 4 Classic (46mm/42mm) | 3 (41mm) | Galaxy Watch Active 2 (40mm/44mm) (Gold),https://m.media-amazon.com/images/I/61u7D2V+4hL.jpg,,
B0BRBNVJH2,22mm-Chain-(Pinkk),6U-XMAX-9Q7L,no,COLOR,Pink,,,yes,,WATCH_BAND,"Meyaar 22mm Bands Compatible for Fossil Men's Gen 6/ Fossil 5E 44mm / Fossil Gen 5 LTE / Carlyle / Garrett / Women's Julianna Smart Watch, Replacement Quick Released Sport Watch (Pink)",https://m.media-amazon.com/images/I/61lOgl8rDIL.jpg,,
B0BRBP2MY7,22mm-Chain-(Retro.Gld),6U-XMAX-9Q7L,no,COLOR,Retro Gold,,,yes,,WATCH_BAND,"Meyaar 22mm Bands Compatible for Fossil Men's Gen 6/ Fossil 5E 44mm / Fossil Gen 5 LTE / Carlyle / Garrett / Women's Julianna Smart Watch, Replacement Quick Released Sport Watch (Retro Gold)",https://m.media-amazon.com/images/I/61avqvUY11L.jpg,,
B0BRBPK9LV,Fit-4-(BLACK)),Y1-536W-D3BB,no,COLOR,Black,,,yes,,WATCH_BAND,"Meyaar Bands Compatible with Fitbit Charge 4/ Fitbit Charge 3 / Fitbit Charge 3 SE, Waterproof Replacement Watch Strap WristBand for Women Men (Black) (Black)",https://m.media-amazon.com/images/I/41GPOWem2PL.jpg,,
B0BRBQ117R,22mm-Chain-(Goldd),6U-XMAX-9Q7L,no,COLOR,Gold,,,yes,,WATCH_BAND,"Meyaar 22mm Bands Compatible for Fossil Men's Gen 6/ Fossil 5E 44mm / Fossil Gen 5 LTE / Carlyle / Garrett / Women's Julianna Smart Watch, Replacement Quick Released Sport Watch (Gold)",https://m.media-amazon.com/images/I/61ulFHM0Y6L.jpg,,
B0BRBQ5C6R,22mm-Chain-(COLORFULL),6U-XMAX-9Q7L,no,COLOR,Colorful,,,yes,,WATCH_BAND,"Meyaar 22mm Bands Compatible for Fossil Men's Gen 6/ Fossil 5E 44mm / Fossil Gen 5 LTE / Carlyle / Garrett / Women's Julianna Smart Watch, Replacement Quick Released Sport Watch (Colorful)",https://m.media-amazon.com/images/I/61KLnsdayDL.jpg,,
B0BTB4BSQ5,Fit-4-(Pinkk),XW-YV99-5VJ4,no,COLOR,Pink,,,yes,,WATCH_BAND,"Meyaar Bands Compatible with Fitbit Charge 4 / Fitbit Charge 3 / Fitbit Charge 3 SE, Waterproof Replacement Watch Strap WristBand for Women Men (Pink)",https://m.media-amazon.com/images/I/61V8l-FBcWL.jpg,,
B0BTB4R29S,"Nike-Air-45(Blue,White)",ES-ATLW-7D6Q,no,COLOR,Blue White,,,yes,,WATCH_BAND,Meyaar Silicone Strap Compatible with Compatible with Firebolt Ring/ Ring Plus/ Ring Pro/ Visionary/ Fire-Boltt Call/ Fire-Boltt Vogue / Peble Frost/ Cosmos Engage/ Cosmos Grande/Hammer Ace 3.0/ Hammer Pulse X/ Hammer Pulse Ace Pro / Hammer Ace Ultra (Watch Not Included) (Blue White),https://m.media-amazon.com/images/I/6184uPNwB-L.jpg,,
B0BVCNR3Y6,23mm_Alpine_(Green),8O-JVBR-LN1K,no,COLOR,Green,,,yes,,WATCH_BAND,Meyaar Alpine Loop Band Compatible with Fitbit Versa 2 Bands/ Versa / Versa Lite / Versa SE/ boAt Xtend Replacement Stretch Nylon Sport Strap Woven Wristband for Women Men (Green),https://m.media-amazon.com/images/I/618uH5SvZqL.jpg,,
B0BXZ84FVQ,Xtend-Chain-(Retro.Gold,EY-K4B7-8TEZ,no,COLOR,Retro Gold,,,yes,,WATCH_BAND,Meyaar Stainless Steel Mesh Bracelet Band Only Compatible With boAt Xtend Smartwatch (Watch Not Included) (Size : M/L) (Retro Gold),https://m.media-amazon.com/images/I/5136lmNoJlL.jpg,,
B0C1DYBLW4,Luxary_Strap-(Pink),EM-0BHR-S6X5,no,COLOR,Pink Sand,,,yes,,WATCH_BAND,"Meyaar Luxury Slim Silicone Bands Compatible with Apple Watch Band 42mm 44mm 45mm 49mm for Women Men, Sport Thin Narrow Soft Strap Wristband for iWatch Series 8 7 6 5 4 3 2 1 SE SE 2nd Gen (Pink Sand)",https://m.media-amazon.com/images/I/51Ii1+w03RL.jpg,,
B0C1KPT36G,22mm-TRAIL-(Blk),,no,,,,,yes,,WATCH_BAND,"Meyaar Trail Loop Compatible With Fire-Boltt Talk 2, Fire-Boltt Talk Pro, Fire-Boltt INVINCIBLE, Fire-Boltt Phoenix & Fire-Boltt Supernova BSW083, Neptune & for OnePlus Smartwatch (Black,Grey)",https://m.media-amazon.com/images/I/41v4F02+EXL.jpg,,
B0C1L7HHY8,22mm-TRAIL-(Blue),,no,,,,,yes,,WATCH_BAND,"Meyaar Trail Loop Compatible With Fire-Boltt Talk 2, Fire-Boltt Talk Pro, Fire-Boltt INVINCIBLE, Fire-Boltt Phoenix & Fire-Boltt Supernova BSW083, Neptune & for OnePlus Smartwatch (Grey, Blue)",https://m.media-amazon.com/images/I/41deTaGShFL.jpg,,
B0C1L7TWQM,22mm-TRAIL-(Yellow),,no,,,,,yes,,WATCH_BAND,"Meyaar Trail Loop Compatible With Fire-Boltt Talk 2, Fire-Boltt Talk Pro, Fire-Boltt INVINCIBLE, Fire-Boltt Phoenix & Fire-Boltt Supernova BSW083, Neptune & for OnePlus Smartwatch (Sand, Yellow)",https://m.media-amazon.com/images/I/41IXhmoOMPL.jpg,,
B0C41PD861,22mm-Chain-(Retro.Gold,22mm chain,no,BAND_COLOR,,,,yes,,WATCH_BAND,Meyaar Watch Strap Magnetic Loop compatible with Fire-Boltt Invincible Plus Bsw097 & Fire-Boltt Invincible BSW020 Smartwatch Luxury Metal Chain Band (Retro Gold),https://m.media-amazon.com/images/I/51LtiYcaXML.jpg,,
B0C41WZSHK,22mm-Chain-(Pink),22mm chain,no,BAND_COLOR,Pink,,,yes,,WATCH_BAND,Meyaar Stainless Steel Magnetic Mesh Bracelet Band Only Compatible With realme Smart Watch 2 Pro (Watch Not Included) (Pink),https://m.media-amazon.com/images/I/711xCvY15lL.jpg,,
B0C41X5DB4,22mm-Chain-(Colorful),22mm chain,no,BAND_COLOR,Colorful,,,yes,,WATCH_BAND,Meyaar Stainless Steel Magnetic Mesh Bracelet Band Only Compatible With realme Smart Watch 2 Pro (Watch Not Included) (Colorful),https://m.media-amazon.com/images/I/415e145G11L.jpg,,
B0C41ZQDWM,22mm-Chain-(Sona.Gold),22mm chain,no,BAND_COLOR,Sona Gold,,,yes,,WATCH_BAND,Meyaar Stainless Steel Magnetic Mesh Bracelet Band Only Compatible With realme Smart Watch 2 Pro (Watch Not Included) (Sona Gold),https://m.media-amazon.com/images/I/71GrOXs5OvL.jpg,,
B0C46G6QB3,22mm-Chain-(Silver,22mm-Chain-N,no,COLOR,Silver,,,yes,,WATCH_BAND,Meyaar Watch Strap Magnetic Loop compatible with Fire-Boltt Invincible Plus Bsw097 & Fire-Boltt Invincible BSW020 Smartwatch Luxury Metal Chain Band (Silver),https://m.media-amazon.com/images/I/71OeshJwbIL.jpg,,
B0C46HPSMD,22mm-Chain-(Black,22mm-Chain-N,no,COLOR,Black,,,yes,,WATCH_BAND,Meyaar Watch Strap Magnetic Loop compatible with Fire-Boltt Invincible Plus Bsw097 & Fire-Boltt Invincible BSW020 Smartwatch Luxury Metal Chain Band (Black),https://m.media-amazon.com/images/I/71R3c3iXThL.jpg,,
B0C46J69W2,22mm-Chain-(Red.Blk,22mm-Chain-N,no,COLOR,Red Black,,,yes,,WATCH_BAND,Meyaar Watch Strap Magnetic Loop compatible with Fire-Boltt Invincible Plus Bsw097 & Fire-Boltt Invincible BSW020 Smartwatch Luxury Metal Chain Band (Red Black),https://m.media-amazon.com/images/I/51yFOo4Uk+L.jpg,,
B0C46JLCQ2,22mm-Chain-(Sona.Gold,22mm-Chain-N,no,COLOR,Gold,,,yes,,WATCH_BAND,Meyaar Watch Strap Magnetic Loop compatible with Fire-Boltt Invincible Plus Bsw097 & Fire-Boltt Invincible BSW020 Smartwatch Luxury Metal Chain Band (Gold),https://m.media-amazon.com/images/I/71e2yL0c-YL.jpg,,
B0C46KBJ6Z,22mm-Chain-(Pink,22mm-Chain-N,no,COLOR,Pink,,,yes,,WATCH_BAND,Meyaar Watch Strap Magnetic Loop compatible with Fire-Boltt Invincible Plus Bsw097 & Fire-Boltt Invincible BSW020 Smartwatch Luxury Metal Chain Band (Pink),https://m.media-amazon.com/images/I/716LUyO7H8L.jpg,,
B0C46KZTJD,22mm-Chain-(Colorful,22mm-Chain-N,no,COLOR,Colorful,,,yes,,WATCH_BAND,Meyaar Watch Strap Magnetic Loop compatible with Fire-Boltt Invincible Plus Bsw097 & Fire-Boltt Invincible BSW020 Smartwatch Luxury Metal Chain Band (Colorful),https://m.media-amazon.com/images/I/71GOHpouD4L.jpg,,
B0C4FY4X4C,22mm-Chain-(Black.,22mm-Chn,no,COLOR,Black,,,yes,,WATCH_BAND,Meyaar Watch Strap Magnetic Loop compatible with Fire-Boltt Supernova Bsw083 Smartwatch Smartwatch Luxury Metal Chain Band (For Wrist Size : M/L) (Black),https://m.media-amazon.com/images/I/71R3c3iXThL.jpg,,
B0C4FZG6G3,22mm-Chain-(Colorful.,22mm-Chn,no,COLOR,Colorful,,,yes,,WATCH_BAND,Meyaar Watch Strap Magnetic Loop compatible with Fire-Boltt Supernova Bsw083 Smartwatch Smartwatch Luxury Metal Chain Band (For Wrist Size : M/L) (Colorful),https://m.media-amazon.com/images/I/71GOHpouD4L.jpg,,
B0C4FZZSV6,22mm-Chain-(Sona.Gold.,22mm-Chn,no,COLOR,Gold,,,yes,,WATCH_BAND,Meyaar Watch Strap Magnetic Loop compatible with Fire-Boltt Supernova Bsw083 Smartwatch Smartwatch Luxury Metal Chain Band (For Wrist Size : M/L) (Gold),https://m.media-amazon.com/images/I/71e2yL0c-YL.jpg,,
B0C4QDSMPG,Stand-(Blue Bear),J3-OPHL-VPXK,no,COLOR,Blue-Bear,,,yes,,PORTABLE_ELECTRONIC_DEVICE_STAND,"Meyaar Silicone Charger Stand for Apple Watch, Silicone Desk Stand Holder for iWatch, Charging Dock Holder For All Apple Watch Series SE2/SE/8/7/6/5/4/3/2/1 (Charger Not Included) (Blue-Bear)",https://m.media-amazon.com/images/I/41E7G3r-R6L.jpg,,
B0C4QLGY3L,Stand-(Minnie),J3-OPHL-VPXK,no,COLOR,Minnie,,,yes,,PORTABLE_ELECTRONIC_DEVICE_STAND,"Meyaar Silicone Charger Stand for Apple Watch, Silicone Desk Stand Holder for iWatch, Charging Dock Holder For All Apple Watch Series SE2/SE/8/7/6/5/4/3/2/1 (Charger Not Included) (Minnie)",https://m.media-amazon.com/images/I/51v8wyvguUL.jpg,,
B0C4QNMD3Y,Stand-(Night_Fury),J3-OPHL-VPXK,no,COLOR,Night-Fury-Dragon,,,yes,,PORTABLE_ELECTRONIC_DEVICE_STAND,"Meyaar Silicone Charger Stand for Apple Watch, Silicone Desk Stand Holder for iWatch, Charging Dock Holder For All Apple Watch Series SE2/SE/8/7/6/5/4/3/2/1 (Charger Not Included) (Night-Fury-Dragon)",https://m.media-amazon.com/images/I/51hqbLsVW+L.jpg,,
B0C4QVD8YZ,Stand-(Mickey),J3-OPHL-VPXK,no,COLOR,Mick-ey,,,yes,,PORTABLE_ELECTRONIC_DEVICE_STAND,"Meyaar Silicone Charger Stand for Apple Watch, Silicone Desk Stand Holder for iWatch, Charging Dock Holder For All Apple Watch Series SE2/SE/8/7/6/5/4/3/2/1 (Charger Not Included) (Mick-ey)",https://m.media-amazon.com/images/I/81v9F7gdhJL.jpg,,
B0C4YL3WC8,22mm-Silicone-(Grey5,22mm-Silicone5,no,COLOR,Grey,,,yes,,WATCH_BAND,Meyaar Soft Silicone Bands for Boat Wave Lite & Boat Wave Call Smart Watch Adjustable Sports Bands for Women Men (Size : Large/Medium) (Grey),https://m.media-amazon.com/images/I/51M+gUDE+ML.jpg,,
B0C5JRHKL4,Cnvrtr-44mm-to-49(GOLD)-,ZL-Z0BV-4OJ8,no,SIZE,44 MM,,,yes,,PORTABLE_ELECTRONIC_DEVICE_COVER,"Meyaar Tough PC Case For Apple Watch 44mm Change To Ultra 49mm Cover With Crown, Screen Protector for Apple Watch Case series 6/5/4/SE/SE2 Only Upgrade To Apple Watch Ultra 49mm PC Cover (44 MM)",https://m.media-amazon.com/images/I/61xn4lSrIsL.jpg,,
B0C5W2FWFD,20mm.Chain..(BLACK)},34-J7KQ-VY67,no,COLOR,Black,,,yes,,WATCH_BAND,"Meyaar Metal Bands Compatible with Amazfit GTS 2 Mini, Amazfit Bip/Bip U/Pro/Lite, Bip S, Amazfit GTS/ 2/2e, Samsung Galaxy Watch 3/4/Watch 5 / 5 Pro Compatible All 20MM Watches. (Black)",https://m.media-amazon.com/images/I/41YTXh1rtgL.jpg,,
B0C5W2JB7L,20mm.Chn.(Smal-BLK)},34-J7KQ-VY67,no,COLOR,Small Black,,,yes,,WATCH_BAND,"Meyaar Metal Bands Compatible with Amazfit GTS 2 Mini, Amazfit Bip/Bip U/Pro/Lite, Bip S, Amazfit GTS/ 2/2e, Samsung Galaxy Watch 3/4/Watch 5 / 5 Pro Compatible All 20MM Watches. (Small Black)",https://m.media-amazon.com/images/I/71MHJgkVGbL.jpg,,
B0C5W3DFXY,20mm.Chain..(Retro.Gld)},34-J7KQ-VY67,no,COLOR,Retro Gold,,,yes,,WATCH_BAND,"Meyaar Metal Bands Compatible with Amazfit GTS 2 Mini, Amazfit Bip/Bip U/Pro/Lite, Bip S, Amazfit GTS/ 2/2e, Samsung Galaxy Watch 3/4/Watch 5 / 5 Pro Compatible All 20MM Watches. (Retro Gold)",https://m.media-amazon.com/images/I/51LtiYcaXML.jpg,,
B0C5W429KW,20mm.Chain..(Colorful)},34-J7KQ-VY67,no,COLOR,Colorful,,,yes,,WATCH_BAND,"Meyaar Metal Bands Compatible with Amazfit GTS 2 Mini, Amazfit Bip/Bip U/Pro/Lite, Bip S, Amazfit GTS/ 2/2e, Samsung Galaxy Watch 3/4/Watch 5 / 5 Pro Compatible All 20MM Watches. (Colorful)",https://m.media-amazon.com/images/I/71WE6KGymqL.jpg,,
B0C6W4PWWF,Mgnet-Soft-45mm-(Ornge),OU-UXA4-HUA1,no,COLOR,Orange,,,yes,,WATCH_BAND,Meyaar Silicone Band Compatible with Apple Watch Ultra 49mm 45mm 44mm 42mm Magnetic Clasp Adjustable Strap For iWatch Series 8 7 6 5 4 3 2 1 SE SE 2nd gen (Orange),https://m.media-amazon.com/images/I/41zibtusfFL.jpg,,
B0C6W56K7J,Mgnet-Soft-45mm-(RED),OU-UXA4-HUA1,no,COLOR,Red,,,yes,,WATCH_BAND,"Meyaar Compatible with Apple Watch Straps 49mm 45mm 44mm 42mm for Women Men, Soft Silicone Magnetic Buckle Sport Bands for iWatch Series 9 8 7 6 5 SE/SE2 4 3 2 1 Ultra/Ultra 2 (Red)",https://m.media-amazon.com/images/I/41Ib6rOj1tL.jpg,,
B0C6W57W1W,Mgnet-Soft-45mm-(Grey),OU-UXA4-HUA1,no,COLOR,Grey,,,yes,,WATCH_BAND,"Meyaar Compatible with Apple Watch Straps 49mm 45mm 44mm 42mm for Women Men, Soft Silicone Magnetic Buckle Sport Bands for iWatch Series 9 8 7 6 5 SE/SE2 4 3 2 1 Ultra/Ultra 2 (Grey)",https://m.media-amazon.com/images/I/61wZ48DwjKL.jpg,,
B0C6W6PD48,Mgnet-Soft-45mm-(Red,TV-0FZE-PM0D,no,COLOR,Red,,,yes,,WATCH_BAND,"Meyaar Silicone Magnetic Loop Strap Compatible with Firebolt Ring/ Ring Plus/ Ring Pro/ Visionary/Call, Peble Frost/ Cosmos Engage/Grande, CrossBeats Ignite Cube/Surge/S5/S4/S3/S4 Max (Red)",https://m.media-amazon.com/images/I/41Ib6rOj1tL.jpg,,
B0C6W6RJ36,Mgnet-Soft-45mm-(Grey,TV-0FZE-PM0D,no,COLOR,Grey,,,yes,,WATCH_BAND,"Meyaar Silicone Magnetic Loop Strap Compatible with Firebolt Ring/ Ring Plus/ Ring Pro/ Visionary/Call, Peble Frost/ Cosmos Engage/Grande, CrossBeats Ignite Cube/Surge/S5/S4/S3/S4 Max (Grey)",https://m.media-amazon.com/images/I/61wZ48DwjKL.jpg,,
B0C6W7FLSV,Mgnet-Soft-45mm-(Wine,TV-0FZE-PM0D,no,COLOR,Burgundy,,,yes,,WATCH_BAND,"Meyaar Silicone Magnetic Loop Strap Compatible with Firebolt Ring/ Ring Plus/ Ring Pro/ Visionary/Call, Peble Frost/ Cosmos Engage/Grande, CrossBeats Ignite Cube/Surge/S5/S4/S3/S4 Max (Burgundy)",https://m.media-amazon.com/images/I/61TiHMLvrXL.jpg,,
B0C6W8QZYB,Mgnet-Soft-45mm-(White,TV-0FZE-PM0D,no,COLOR,White,,,yes,,WATCH_BAND,"Meyaar Silicone Magnetic Loop Strap Compatible with Firebolt Ring/ Ring Plus/ Ring Pro/ Visionary/Call, Peble Frost/ Cosmos Engage/Grande, CrossBeats Ignite Cube/Surge/S5/S4/S3/S4 Max (White)",https://m.media-amazon.com/images/I/31kFc6zEYNL.jpg,,
B0C6W8YB5Q,Mgnet-Soft-45mm-(Pink),OU-UXA4-HUA1,no,COLOR,Pink,,,yes,,WATCH_BAND,Meyaar Silicone Band Compatible with Apple Watch Ultra 49mm 45mm 44mm 42mm Magnetic Clasp Adjustable Strap For iWatch Series 8 7 6 5 4 3 2 1 SE SE 2nd gen (Pink),https://m.media-amazon.com/images/I/41onlcyHCxL.jpg,,
B0C6W9GWPM,Mgnet-Soft-45mm-(Blk,TV-0FZE-PM0D,no,COLOR,Black,,,yes,,WATCH_BAND,"Meyaar Silicone Magnetic Loop Strap Compatible with Firebolt Ring/ Ring Plus/ Ring Pro/ Visionary/Call, Peble Frost/ Cosmos Engage/Grande, CrossBeats Ignite Cube/Surge/S5/S4/S3/S4 Max (Black)",https://m.media-amazon.com/images/I/41LvS62Ai8L.jpg,,
B0C6WBVX7V,Mgnet-Soft-45mm-(Blue),OU-UXA4-HUA1,no,COLOR,Blue,,,yes,,WATCH_BAND,"Meyaar Compatible with Apple Watch Straps 49mm 45mm 44mm 42mm for Women Men, Soft Silicone Magnetic Buckle Sport Bands for iWatch Series 9 8 7 6 5 SE/SE2 4 3 2 1 Ultra/Ultra 2 (Blue)",https://m.media-amazon.com/images/I/51-qBxg1iUL.jpg,,
B0C6WCD5QN,Mgnet-Soft-45mm-(Green,TV-0FZE-PM0D,no,COLOR,Green,,,yes,,WATCH_BAND,"Meyaar Silicone Magnetic Loop Strap Compatible with Firebolt Ring/ Plus/ Ring Pro/ Visionary/Call, Peble Frost/ Cosmos Engage/Grande, CrossBeats Ignite Cube/Surge/S5/S4/S3/S4 Max (Green)",https://m.media-amazon.com/images/I/41UlAFPOI1L.jpg,,
B0C6WCW788,Mgnet-Soft-45mm-(Green),OU-UXA4-HUA1,no,COLOR,Green,,,yes,,WATCH_BAND,"Meyaar Compatible with Apple Watch Straps 49mm 45mm 44mm 42mm for Women Men, Soft Silicone Magnetic Buckle Sport Bands for iWatch Series 9 8 7 6 5 SE/SE2 4 3 2 1 Ultra/Ultra 2 (Green)",https://m.media-amazon.com/images/I/41UlAFPOI1L.jpg,,
B0C6WDN4T4,Mgnet-Soft-45mm-(BLK),OU-UXA4-HUA1,no,COLOR,Black,,,yes,,WATCH_BAND,Meyaar Silicone Band Compatible with Apple Watch Ultra 49mm 45mm 44mm 42mm Magnetic Clasp Adjustable Strap For iWatch Series 8 7 6 5 4 3 2 1 SE SE 2nd gen (Black),https://m.media-amazon.com/images/I/41LvS62Ai8L.jpg,,
B0C6WF52GZ,Mgnet-Soft-45mm-(Blue,TV-0FZE-PM0D,no,COLOR,Blue,,,yes,,WATCH_BAND,"Meyaar Silicone Magnetic Loop Strap Compatible with Firebolt Ring/ Ring Plus/ Pro/ Visionary/Call, Peble Frost/ Cosmos Engage/Grande, CrossBeats Ignite Cube/Surge/S5/S4/S3/S4 Max (Blue)",https://m.media-amazon.com/images/I/51-qBxg1iUL.jpg,,
B0C6WGWX6F,Mgnet-Soft-45mm-(Ornge,TV-0FZE-PM0D,no,COLOR,Orange,,,yes,,WATCH_BAND,"Meyaar Silicone Magnetic Loop Strap Compatible with Firebolt Ring/ Ring Plus/ Ring Pro/ Visionary/Call, Peble Frost/ Cosmos Engage/Grande, CrossBeats Ignite Cube/Surge/S5/S4/S3/S4 Max (Orange)",https://m.media-amazon.com/images/I/41zibtusfFL.jpg,,
B0C6WHYFGF,Mgnet-Soft-45mm-(White),OU-UXA4-HUA1,no,COLOR,White,,,yes,,WATCH_BAND,"Meyaar Meyaar Compatible with Apple Watch Straps 49mm 45mm 44mm 42mm for Women Men, Soft Silicone Magnetic Buckle Sport Bands for iWatch Series 9 8 7 6 5 SE/SE2 4 3 2 1 Ultra/Ultra 2 (White)",https://m.media-amazon.com/images/I/51sacU4KNOL.jpg,,
B0C6WJFCCV,Mgnet-Soft-45mm-(Pink,TV-0FZE-PM0D,no,COLOR,Pink,,,yes,,WATCH_BAND,"Meyaar Silicone Magnetic Loop Strap Compatible with Firebolt Ring/ Ring Plus/ Ring Pro/ Visionary/Call, Peble Frost/ Cosmos Engage/Grande, CrossBeats Ignite Cube/Surge/S5/S4/S3/S4 Max (Pink)",https://m.media-amazon.com/images/I/41onlcyHCxL.jpg,,
B0C71N35YS,TRAIL-23mm-(Yellow),QB-LDCB-0ZE5,no,COLOR,"Sand, Yellow",,,yes,,WATCH_BAND,"Meyaar Trail Loop Compatible with Fitbit Versa 2 Bands/Versa/Versa Lite/Versa SE/boAt Xtend Smartwatch Nylon Band with a Convenient Pull Tab (Sand, Yellow)",https://m.media-amazon.com/images/I/41IXhmoOMPL.jpg,,
B0CB4KP5H2,131_Minion,Leather 131 & 138,no,COLOR,BOB,,,yes,,PORTABLE_ELECTRONIC_DEVICE_COVER,Meyaar Premium Silicone Case Cover Only Compatible With Boat Airdopes 138 & 131 Silicone Cover For Boat Airdopes 131 & Airdopes 138 - (Only Cover) (Earbuds Not Included) (BOB),https://m.media-amazon.com/images/I/619gYFwYcUL.jpg,,
B0CB4PD82R,131_Purple.Band.Dog,Leather 131 & 138,no,COLOR,Dog With Purple Band,,,yes,,PORTABLE_ELECTRONIC_DEVICE_COVER,Meyaar Silicone Case Cover Only Compatible With Boat Airdopes 138 & 131 Silicone Cover For Boat Airdopes 131 & Airdopes 138 - (Only Cover) (Earbuds Not Included) (Dog With Purple Band),https://m.media-amazon.com/images/I/41rQ2z5AbXL.jpg,,
B0CBSNC2ZN,131_Night_Fury,Leather 131 & 138,no,COLOR,Night-Fury,,,yes,,PORTABLE_ELECTRONIC_DEVICE_COVER,Meyaar Premium Silicone Case Cover Only Compatible With Boat Airdopes 138 & 131 Silicone Cover For Boat Airdopes 131 & Airdopes 138 - (Only Cover) (Earbuds Not Included) (Night-Fury),https://m.media-amazon.com/images/I/71CrARFqgLL.jpg,,
B0CBSNZSQZ,131_Red.Band.Dog,Leather 131 & 138,no,COLOR,Dog With Red Band,,,yes,,PORTABLE_ELECTRONIC_DEVICE_COVER,Meyaar Premium Silicone Case Cover Only Compatible With Boat Airdopes 138 & 131 Silicone Cover For Boat Airdopes 131 & Airdopes 138 - (Only Cover) (Earbuds Not Included) (Dog With Red Band),https://m.media-amazon.com/images/I/71qmX1v88eL.jpg,,
B0CCMT4BJY,131_Red.Band.Dog.,131- Leather,no,COLOR,Dog With Red Band,,,yes,,PORTABLE_ELECTRONIC_DEVICE_COVER,Meyaar Silicone Case Cover Only Compatible With Boat Airdopes 131 & 138 Silicone Cover For Boat Airdopes 131 & Airdopes 138 - (Only Cover) (Dog With Red Band),https://m.media-amazon.com/images/I/615ZBatPVLL.jpg,,
B0CCMTRTHW,131_Night_Fury.,131- Leather,no,COLOR,Night-Fury,,,yes,,PORTABLE_ELECTRONIC_DEVICE_COVER,Meyaar Silicone Case Cover Only Compatible With Boat Airdopes 131 & 138 Silicone Cover For Boat Airdopes 131 & Airdopes 138 - (Only Cover) (Night-Fury),https://m.media-amazon.com/images/I/51lbS-BTnYL.jpg,,
B0CCMV8SW3,131_Star.Brown.,131- Leather,no,COLOR,Star Cup Chocolate,,,yes,,PORTABLE_ELECTRONIC_DEVICE_COVER,Meyaar Silicone Case Cover Only Compatible With Boat Airdopes 131 & 138 Silicone Cover For Boat Airdopes 131 & Airdopes 138 - (Only Cover) (Star Cup Chocolate),https://m.media-amazon.com/images/I/71B7rh47htS.jpg,,
B0CG6QZZDJ,22mm-Chain-(RetroGold..,DB-VVK7-YSW5,no,COLOR,Retro Gold,,,yes,,WATCH_BAND,"Meyaar Metal Mesh Magnetic Closure Watch Band Strap Wristband with 22mm Width Compatible with Galaxy Watch 3 45mm, Gear S3, Galaxy Watch 46mm, Fossil Sport Smartwatch 43mm (Retro Gold)",https://m.media-amazon.com/images/I/51LtiYcaXML.jpg,,
B0CG6R5SQS,22mm-Chain-(Gold..,DB-VVK7-YSW5,no,COLOR,Sona Gold,,,yes,,WATCH_BAND,"Meyaar Metal Mesh Magnetic Closure Watch Band Strap Wristband with 22mm Width Compatible with Galaxy Watch 3 45mm, Gear S3, Galaxy Watch 46mm, Fossil Sport Smartwatch 43mm (Sona Gold)",https://m.media-amazon.com/images/I/71XZLxBEzIL.jpg,,
B0CG6RYV1V,22mm-Chain-(Colorful).,DB-VVK7-YSW5,no,COLOR,Colorful,,,yes,,WATCH_BAND,"Meyaar Metal Mesh Magnetic Closure Watch Band Strap Wristband with 22mm Width Compatible with Galaxy Watch 3 45mm, Gear S3, Galaxy Watch 46mm, Fossil Sport Smartwatch 43mm (Colorful)",https://m.media-amazon.com/images/I/71WE6KGymqL.jpg,,
B0CG6S88VV,22mm-Chain-(Pink..,DB-VVK7-YSW5,no,COLOR,Pink,,,yes,,WATCH_BAND,"Meyaar Metal Mesh Magnetic Closure Watch Band Strap Wristband with 22mm Width Compatible with Galaxy Watch 3 45mm, Gear S3, Galaxy Watch 46mm, Fossil Sport Smartwatch 43mm (Pink)",https://m.media-amazon.com/images/I/71NVXFIi26L.jpg,,
B0CG6TN1FN,22mm-Chain-(Red.BLK).,DB-VVK7-YSW5,no,COLOR,Red Black,,,yes,,WATCH_BAND,"Meyaar Metal Mesh Magnetic Closure Watch Band Strap Wristband with 22mm Width Compatible with Galaxy Watch 3 45mm, Gear S3, Galaxy Watch 46mm, Fossil Sport Smartwatch 43mm (Red Black)",https://m.media-amazon.com/images/I/514lgMEXIXL.jpg,,
B0CHJZRT3K,Converter-40mm,ZL-Z0BV-4OJ8,no,SIZE,40 MM,,,yes,,PORTABLE_ELECTRONIC_DEVICE_COVER,"Meyaar Tough PC Case For Apple Watch 40mm Change To Ultra 49mm Cover With Crown, Screen Protector for Apple Watch Case Series SE / SE (2nd) / 6 / 5 / 4 Only Upgrade To Apple Watch Ultra 49mm PC Cover (40 MM)",https://m.media-amazon.com/images/I/61xn4lSrIsL.jpg,,
B0CHK2JPX4,Converter-41mm,ZL-Z0BV-4OJ8,no,SIZE,41 MM,,,yes,,PORTABLE_ELECTRONIC_DEVICE_COVER,"Meyaar Tough PC Case For Apple Watch 41mm Change To Ultra 49mm Cover With Crown, Screen Protector for Apple Watch Case series 9, 8 and 7 Only Upgrade To Apple Watch Ultra 49mm PC Cover (41 MM)",https://m.media-amazon.com/images/I/61hYBun2BWL.jpg,,
B0CKPZ8JL8,Nike-Air-9-(Sand),ES-ATLW-7D6Q,no,COLOR,Desert Stone,,,yes,,WATCH_BAND,Meyaar Silicone Strap Compatible with Compatible with Firebolt Ring/ Ring Plus/ Ring Pro/ Visionary/ Fire-Boltt Call/ Fire-Boltt Vogue / Peble Frost/ Cosmos Engage/ Cosmos Grande/Hammer Ace 3.0/ Hammer Pulse X/ Hammer Pulse Ace Pro / Hammer Ace Ultra (Watch Not Included) (Desert Stone),https://m.media-amazon.com/images/I/71eHSF+gu+L.jpg,,
B0CKQ1DTBL,Nike-Air-9-(Night),ES-ATLW-7D6Q,no,COLOR,Midnight Sky,,,yes,,WATCH_BAND,Meyaar Silicone Strap Compatible with Compatible with Firebolt Ring/ Ring Plus/ Ring Pro/ Visionary/ Fire-Boltt Call/ Fire-Boltt Vogue / Peble Frost/ Cosmos Engage/ Cosmos Grande/Hammer Ace 3.0/ Hammer Pulse X/ Hammer Pulse Ace Pro / Hammer Ace Ultra (Watch Not Included) (Midnight Sky),https://m.media-amazon.com/images/I/71H3rgsfYOL.jpg,,
B0CKQ24X1Y,Nike-Air-9-(Khaki.Grey),ES-ATLW-7D6Q,no,COLOR,Cargo Khaki,,,yes,,WATCH_BAND,Meyaar Silicone Strap Compatible with Firebolt Ring/ Ring Plus/ Ring Pro/ Visionary/ Fire-Boltt Call/ Fire-Boltt Vogue / Peble Frost/ Cosmos Engage/ Cosmos Grande/Hammer Ace 3.0/ Hammer Pulse X/ Hammer Pulse Ace Pro / Hammer Ace Ultra (Watch Not Included) (Cargo Khaki),https://m.media-amazon.com/images/I/61RmartffwL.jpg,,
B0CKQ2N8FQ,Nike-Air-9-(White),ES-ATLW-7D6Q,no,COLOR,Pure Platinum,,,yes,,WATCH_BAND,Meyaar Silicone Strap Compatible with Compatible with Firebolt Ring/ Ring Plus/ Ring Pro/ Visionary/ Fire-Boltt Call/ Fire-Boltt Vogue / Peble Frost/ Cosmos Engage/ Cosmos Grande/Hammer Ace 3.0/ Hammer Pulse X/ Hammer Pulse Ace Pro / Hammer Ace Ultra (Watch Not Included) (Pure Platinum),https://m.media-amazon.com/images/I/71e4pTRmFVL.jpg,,
B0CKQ2T1HF,Nike-Air-9-(Orange),ES-ATLW-7D6Q,no,COLOR,Magic Ember,,,yes,,WATCH_BAND,Meyaar Silicone Strap Compatible with Compatible with Firebolt Ring/ Ring Plus/ Ring Pro/ Visionary/ Fire-Boltt Call/ Fire-Boltt Vogue / Peble Frost/ Cosmos Engage/ Cosmos Grande/Hammer Ace 3.0/ Hammer Pulse X/ Hammer Pulse Ace Pro / Hammer Ace Ultra (Watch Not Included) (Magic Ember),https://m.media-amazon.com/images/I/71BcRlemJNL.jpg,,
B0CLS6TZXJ,W4-Silicone.Magnt-(Grey,1L-YFI9-9RV5,no,COLOR,Grey,,,yes,,WATCH_BAND,Meyaar Soft Silicone Strap with Folding Magnetic Lock Compatible With Samsung Galaxy Watch 5 Pro/ Samsung Galaxy Watch 6 43mm/47mm/40mm/44mm galaxy Watch 4/5 40mm 44mm/ Galaxy Watch 4 Classic 46mm|Adjustable Silicone Magnetic Strap (Grey),https://m.media-amazon.com/images/I/51bfN6bIWxL.jpg,,
B0CLS89LCV,W4-Silicone.Magnt-(PINK,1L-YFI9-9RV5,no,COLOR,Pink,,,yes,,WATCH_BAND,Meyaar Soft Silicone Strap with Folding Magnetic Lock Compatible With Samsung Galaxy Watch 5 Pro/ Samsung Galaxy Watch 6 43mm/47mm/40mm/44mm Samsung Galaxy Watch 4/5 40mm 44mm/ Galaxy Watch 4 Classic 46mm|Adjustable Silicone Magnetic Strap (Pink),https://m.media-amazon.com/images/I/51XzOlssxhL.jpg,,
B0CLS8RNFM,W4-Silicone.Magnt-(BLK,1L-YFI9-9RV5,no,COLOR,Black,,,yes,,WATCH_BAND,Meyaar Soft Silicone Strap with Folding Magnetic Lock Compatible With Samsung Galaxy Watch 5 Pro/ Samsung Galaxy Watch 6 43mm/47mm/40mm/44mm Samsung Galaxy Watch 4/5 40mm 44mm/ Galaxy Watch 4 Classic 46mm|Adjustable Silicone Magnetic Strap (Black),https://m.media-amazon.com/images/I/51+spJnAy6L.jpg,,
B0CLS8T8CC,W4-Silicone.Magnt-(WINE,1L-YFI9-9RV5,no,COLOR,Burgundy,,,yes,,WATCH_BAND,Meyaar Soft Silicone Strap with Folding Magnetic Lock Compatible With Galaxy Watch 5 Pro/Galaxy Watch 6/5/4 40mm 44mm/ Galaxy Watch 4 Classic 46mm|Adjustable Silicone Magnetic Strap (Burgundy),https://m.media-amazon.com/images/I/51x3SfieM-L.jpg,,
B0CLS9KND2,W4-Silicone.Magnt-(White,1L-YFI9-9RV5,no,COLOR,White,,,yes,,WATCH_BAND,Meyaar Soft Silicone Strap with Folding Magnetic Lock for With Galaxy Watch 5 Pro/ Samsung Galaxy Watch 6 43mm/47mm/40mm/44mm Samsung Galaxy Watch 4/5 40mm 44mm/ Galaxy Watch 4 Classic 46mm|Adjustable Silicone Magnetic Strap (White),https://m.media-amazon.com/images/I/519E6CxMJWL.jpg,,
B0CLSBF6SS,W4-Silicone.Magnt-(BLUE,1L-YFI9-9RV5,no,COLOR,Blue,,,yes,,WATCH_BAND,Meyaar Soft Silicone Strap with Folding Magnetic Lock Compatible With Samsung Galaxy Watch 5 Pro/ Samsung Galaxy Watch 6 43mm/47mm/40mm/44mm Samsung Galaxy Watch 4/5 40mm 44mm/ Galaxy Watch 4 Classic 46mm|Adjustable Silicone Magnetic Strap (Blue),https://m.media-amazon.com/images/I/41fHwCSKuDL.jpg,,
B0CLSGNTMB,W4-Silicone.Magnt-(Green,1L-YFI9-9RV5,no,COLOR,Green,,,yes,,WATCH_BAND,Meyaar Soft Silicone Strap with Folding Magnetic Lock Compatible With Samsung Galaxy Watch 5 Pro/ Samsung Galaxy Watch 6 43mm/47mm/40mm/44mm Samsung Galaxy Watch 4/5 40mm 44mm/ Galaxy Watch 4 Classic 46mm|Adjustable Silicone Magnetic Strap (Green),https://m.media-amazon.com/images/I/31dqQXYjdtL.jpg,,
B0CLWH2ZGH,W4-Chain-(Blue,YA-U0S5-0A74,no,COLOR,Blue,,,yes,,WATCH_BAND,Meyaar No Gap Metal Bands Compatible with Samsung Galaxy Watch 6/5/4 Band 40mm 44mm/Galaxy Watch 5 Pro Band 45mm/Watch 4 Classic Band/Watch 6 Classic Band 43mm 47mm Bands (Blue),https://m.media-amazon.com/images/I/71pw-iuIhcL.jpg,,
B0CMD2NJH2,W4-Silicone.Magnt-(BLUE),4G-J3CP-ZXFH,no,COLOR,Silicone-Magnet-Blue,,,yes,,WATCH_BAND,Meyaar Soft Silicone Strap with Magnetic Lock Compatible With Samsung Galaxy Watch 5 Pro | Samsung Galaxy Watch 6 43mm/47mm/40mm/44mm | Samsung Galaxy Watch 5 40mm/44mm (Silicone-Magnet-Blue),https://m.media-amazon.com/images/I/41fHwCSKuDL.jpg,,
B0CMD4TSPP,W4-Silicone.Magnt-(White),4G-J3CP-ZXFH,no,COLOR,Silicone-Magnet-White,,,yes,,WATCH_BAND,Meyaar Soft Silicone Strap with Magnetic Lock Compatible With Samsung Galaxy Watch 5 Pro | Samsung Galaxy Watch 6 43mm/47mm/40mm/44mm | Samsung Galaxy Watch 5 40mm/44mm (Silicone-Magnet-White),https://m.media-amazon.com/images/I/519E6CxMJWL.jpg,,
B0CMD51GVK,W4-Silicone.Magnt-(PINK),4G-J3CP-ZXFH,no,COLOR,Silicone-Magnet-Pink,,,yes,,WATCH_BAND,Meyaar Soft Silicone Strap with Magnetic Lock Compatible With Samsung Galaxy Watch 5 Pro | Samsung Galaxy Watch 6 43mm/47mm/40mm/44mm | Samsung Galaxy Watch 5 40mm/44mm (Silicone-Magnet-Pink),https://m.media-amazon.com/images/I/51XzOlssxhL.jpg,,
B0CMD5CL1M,W4-Silicone.Magnt-(Grey),4G-J3CP-ZXFH,no,COLOR,Silicone-Magnet-Grey,,,yes,,WATCH_BAND,Meyaar Soft Silicone Strap with Magnetic Lock Compatible With Samsung Galaxy Watch 5 Pro | Samsung Galaxy Watch 6 43mm/47mm/40mm/44mm | Samsung Galaxy Watch 5 40mm/44mm (Silicone-Magnet-Grey),https://m.media-amazon.com/images/I/51bfN6bIWxL.jpg,,
B0CMD64YF4,W4-Silicone.Magnt-(BLK),4G-J3CP-ZXFH,no,COLOR,Silicone-Magnet-Black,,,yes,,WATCH_BAND,Meyaar Soft Silicone Strap with Magnetic Lock Compatible With Samsung Galaxy Watch 5 Pro | Samsung Galaxy Watch 6 43mm/47mm/40mm/44mm | Samsung Galaxy Watch 5 40mm/44mm (Silicone-Magnet-Black),https://m.media-amazon.com/images/I/51+spJnAy6L.jpg,,
B0CMD6F8LR,W4-Silicone.Magnt-(WINE),4G-J3CP-ZXFH,no,COLOR,Silicone-Magnet-Wine,,,yes,,WATCH_BAND,Meyaar Soft Silicone Strap with Magnetic Lock Compatible With Samsung Galaxy Watch 5 Pro | Samsung Galaxy Watch 6 43mm/47mm/40mm/44mm | Samsung Galaxy Watch 5 40mm/44mm (Silicone-Magnet-Wine),https://m.media-amazon.com/images/I/51x3SfieM-L.jpg,,
B0CMD6QH9K,W4-Silicone.Magnt-(Green),4G-J3CP-ZXFH,no,COLOR,Silicone-Magnet-Green,,,yes,,WATCH_BAND,Meyaar Soft Silicone Strap with Magnetic Lock Compatible With Samsung Galaxy Watch 5 Pro | Samsung Galaxy Watch 6 43mm/47mm/40mm/44mm | Samsung Galaxy Watch 5 40mm/44mm (Silicone-Magnet-Green),https://m.media-amazon.com/images/I/31dqQXYjdtL.jpg,,
B0CN1P28B5,W4-Steel-GOLD-Wth-Tool,4G-J3CP-ZXFH,no,COLOR,Steel Strap Gold + Adjustable Tool,,,yes,,WATCH_BAND,Meyaar No Gaps Heavy Metal Stainless Steel Bands Compatible with Samsung Galaxy Watch 6/5/4 Band 40mm/44mm Galaxy Watch 6/4 Classic Band 42/43/46/47mm Galaxy Watch 5 Pro 45mm Replacement Strap Women Men (Gold Steel Strap + Adjustable Tool),https://m.media-amazon.com/images/I/61QIgnC8cCL.jpg,,
B0CN1PLMMK,W4-Steel-BLK-Wth-Tool,4G-J3CP-ZXFH,no,COLOR,Steel Strap Black + Adjustable Tool,,,yes,,WATCH_BAND,"Meyaar No Gaps Band Compatible with Samsung Galaxy Watch 7/6/5/4 40mm 44mm, FE 40mm, Galaxy Watch 6/4 Classic 47mm 43mm/42mm 46mm, Watch 5 Pro 45mm, 20mm Stainless Steel Metal Bands Replacement Bracelet Strap (Black Steel Strap + Adjustable Tool)",https://m.media-amazon.com/images/I/41aydQp9kfL.jpg,,
B0CN1PV8FC,W4-Steel-BLK-With-Tool,DP-8GG9-QKU5,no,COLOR,Black,,,yes,,WATCH_BAND,"Meyaar No Gaps Band Compatible with Samsung Galaxy Watch 7/6/5/4 40mm 44mm, Galaxy Watch FE 40mm, Galaxy Watch 6/4 Classic 47mm 43mm/42mm 46mm, Watch 5 Pro 45mm, 20mm Stainless Steel Metal Bands Replacement Bracelet Strap (Black with Tool)",https://m.media-amazon.com/images/I/41aydQp9kfL.jpg,,
B0CN1R3JND,W4-Steel-Silvr-With-Tool,DP-8GG9-QKU5,no,COLOR,Silver,,,yes,,WATCH_BAND,"Meyaar No Gaps Band Compatible with Samsung Galaxy Watch 7/6/5/4 40mm 44mm, Galaxy Watch FE 40mm, Galaxy Watch 6/4 Classic 47mm 43mm/42mm 46mm, Watch 5 Pro 45mm, 20mm Stainless Steel Metal Bands Replacement Bracelet Strap (Silver)",https://m.media-amazon.com/images/I/41wLOgEi7+L.jpg,,
B0CN1RM3WH,W4-Steel-Silvr-Wth-Tool,4G-J3CP-ZXFH,no,COLOR,Steel Strap Silver + Adjustable Tool,,,yes,,WATCH_BAND,Meyaar No Gaps Heavy Metal Stainless Steel Bands Compatible with Samsung Galaxy Watch 6/5/4 Band 40mm/44mm Galaxy Watch 6/4 Classic Band 42/43/46/47mm Galaxy Watch 5 Pro 45mm Replacement Strap Women Men (Silver Steel Strap + Adjustable Tool),https://m.media-amazon.com/images/I/41wLOgEi7+L.jpg,,
B0CN1SMFWT,W4-Steel-GOLD-With-Tool,DP-8GG9-QKU5,no,COLOR,Gold,,,yes,,WATCH_BAND,Meyaar No Gaps Bands Compatible with Samsung Galaxy Watch 6/5/4 Band 40mm/44mm Galaxy Watch 6/4 Classic Band 42/43/46/47mm Galaxy Watch 5 Pro 45mm Stainless Steel Metal Strap (Gold),https://m.media-amazon.com/images/I/61QIgnC8cCL.jpg,,
B0CNF8TLRM,"22mm-Steel-(Slver,Blk",22mm-Steel-11,no,COLOR,"Silver,Black",,,yes,,WATCH_BAND,"Meyaar 22mm Stainless Steel Strap Compatible with Fossil Gen 6 44mm Made of Heavy Metal For Men & Women With Adjustment Tool (Dual Color Silver,Black)",https://m.media-amazon.com/images/I/41Y1aKP5pmL.jpg,,
B0CNFBXFLP,22mm-Steel-(Gold,22mm-Steel-11,no,COLOR,Gold,,,yes,,WATCH_BAND,Meyaar 22mm Stainless Steel Strap Compatible with Fossil Gen 6 44mm Made of Heavy Metal For Men & Women With Adjustment Tool (Gold),https://m.media-amazon.com/images/I/51GF4NH5W6L.jpg,,
B0CNHRYBXR,22mm-Steel-(Gold),22mm-Steel-1,no,COLOR,Gold,,,yes,,WATCH_BAND,"Meyaar 22MM Metal Heavy Quick Release Watch Straps Compatible With Noise Caliber / ColorFit Ultra / Ultra 2 / Pro 3 Assist, Amazfit GTR (47mm) / GTR 2E, One Plus (46mm), Samsung Galaxy Watch 3 45mm / Galaxy 46mm / Gear S3 Frontier, Huawei Watch G With Adjustment Tool (Gold)",https://m.media-amazon.com/images/I/51GF4NH5W6L.jpg,,
B0CNHTWHPR,"22mm-Steel-(Slver,Blk1",22mm-Steel-2,no,COLOR,"Silver,Black",,,yes,,WATCH_BAND,"Meyaar Ultra Luxury Stainless Steel Metal Chain Strap Band 22mm for Galaxy Watch 3 (45mm) | Galaxy Watch 4.6cm | Gear S3 Frontier | Amazfit Pace Stratos | Ticwatch Pro | Huawei Watch GT | Fossil Explorist With Adjustment Tool (Dual Color Silver,Black)",https://m.media-amazon.com/images/I/41Y1aKP5pmL.jpg,,
B0CNHZR9RN,"22mm-Steel-(Slver,Blk)",22mm-Steel-1,no,COLOR,"Silver,Black",,,yes,,WATCH_BAND,"Meyaar 22MM Metal Heavy Quick Release Watch Straps Compatible With Noise Caliber / ColorFit Ultra / Ultra 2 / Pro 3 Assist, Amazfit GTR (47mm) / GTR 2E, One Plus (46mm), Samsung Galaxy Watch 3 45mm / Galaxy 46mm / Gear S3 Frontier, Huawei Watch G With Adjustment Tool (Dual Color Silver,Black)",https://m.media-amazon.com/images/I/41Y1aKP5pmL.jpg,,
B0CXPJZ3J9,Polarbear-1/2,Ap-1/2-Cartoon-1,no,COLOR,Green,,,yes,,PORTABLE_ELECTRONIC_DEVICE_COVER,"Meyaar Soft Silicon Cover Case Compatible with Apple Airpods 1 & 2, 360° Protective Case Compatible with Airpod 1st and 2nd Generation case (Polar-bear (Green))",https://m.media-amazon.com/images/I/41b2phWIjSL.jpg,,
B0CXPKNZSC,Gaming-Console-(White).,Ap-1/2-Cartoon-1,no,COLOR,White 2,,,yes,,PORTABLE_ELECTRONIC_DEVICE_COVER,"Meyaar Soft Silicon Cover Case Compatible with Apple Airpods 1 & 2, 360° Protective Case Compatible with Airpod 1st and 2nd Generation case (Gaming Console (White))",https://m.media-amazon.com/images/I/31nKnThJ0XL.jpg,,
B0CXPKQ8M7,1/2-(Sling.BLK.Kitty),Ap-1/2-Cartoon-1,no,COLOR,Black 6,,,yes,,PORTABLE_ELECTRONIC_DEVICE_COVER,"Meyaar Soft Silicon Cover Case Compatible with Apple Airpods 1 & 2, 360° Protective Case Compatible with Airpod 1st and 2nd Generation case (Sling Kitty (Black))",https://m.media-amazon.com/images/I/41RgxlNybRL.jpg,,
B0CXPKZP16,1/2-(Sling.Pink.Kitty),Ap-1/2-Cartoon-1,no,COLOR,Pink,,,yes,,PORTABLE_ELECTRONIC_DEVICE_COVER,"Meyaar Soft Silicon Cover Case Compatible with Apple Airpods 1 & 2, 360° Protective Case Compatible with Airpod 1st and 2nd Generation case (Sling Kitty (Pink))",https://m.media-amazon.com/images/I/61usb87xYoL.jpg,,
B0CXPL3W89,Nintendo-1/2,Ap-1/2-Cartoon-1,no,COLOR,Blue,,,yes,,PORTABLE_ELECTRONIC_DEVICE_COVER,"Meyaar Soft Silicon Cover Case Compatible with Apple Airpods 1 & 2, 360° Protective Case Compatible with Airpod 1st and 2nd Generation case (Nin-tendo (Blue))",https://m.media-amazon.com/images/I/41AEeLQgIoL.jpg,,
B0CXPLLHS4,Gaming-Console-(BLK).,Ap-1/2-Cartoon-1,no,COLOR,Black 2,,,yes,,PORTABLE_ELECTRONIC_DEVICE_COVER,"Meyaar Soft Silicon Cover Case Compatible with Apple Airpods 1 & 2, 360° Protective Case Compatible with Airpod 1st and 2nd Generation case (Gaming Console (Black))",https://m.media-amazon.com/images/I/41+YUVfXA6L.jpg,,
B0CXPM3RNK,Spiderman-(BLK)),Ap-1/2-Cartoon-1,no,COLOR,Black 5,,,yes,,PORTABLE_ELECTRONIC_DEVICE_COVER,"Meyaar Soft Silicon Cover Case Compatible with Apple Airpods 1 & 2, 360° Protective Case Compatible with Airpod 1st and 2nd Generation case (Spider-Man (Black))",https://m.media-amazon.com/images/I/61bzfSToasL.jpg,,
B0CXPMMHBD,Beer.Corona.,Ap-1/2-Cartoon-1,no,COLOR,Yellow,,,yes,,PORTABLE_ELECTRONIC_DEVICE_COVER,"Meyaar Soft Silicon Cover Case Compatible with Apple Airpods 1 & 2, 360° Protective Case Compatible with Airpod 1st and 2nd Generation case (Corona-beer(Yellow))",https://m.media-amazon.com/images/I/61LfooWujBS.jpg,,
B0CXPN134K,ICE-(BROWN)),Ap-1/2-Cartoon-1,no,COLOR,Brown 3,,,yes,,PORTABLE_ELECTRONIC_DEVICE_COVER,"Meyaar Soft Silicon Cover Case Compatible with Apple Airpods 1 & 2, 360° Protective Case Compatible with Airpod 1st and 2nd Generation case (Ice Cream (Brown))",https://m.media-amazon.com/images/I/71b0rAU7e0L.jpg,,
B0CXPN5GYC,1/2-(Clear),Ap-1/2-Cartoon-1,no,COLOR,Clear,,,yes,,PORTABLE_ELECTRONIC_DEVICE_COVER,"Meyaar Soft Silicon Cover Case Compatible with Apple Airpods 1 & 2, 360° Protective Case Compatible with Airpod 1st and 2nd Generation case (Transparent (Clear))",https://m.media-amazon.com/images/I/518gebZpixL.jpg,,
B0CXPN8HB7,Elego.(GREY)-,Ap-1/2-Cartoon-1,no,COLOR,Grey 2,,,yes,,PORTABLE_ELECTRONIC_DEVICE_COVER,"Meyaar Soft Silicon Cover Case Compatible with Apple Airpods 1 & 2, 360° Protective Case Compatible with Airpod 1st and 2nd Generation case (Game-Pad (Light Grey))",https://m.media-amazon.com/images/I/71b0UjjG4vL.jpg,,
B0CXPPSZ63,Teal Switch),Ap-1/2-Cartoon-1,no,COLOR,Green 2,,,yes,,PORTABLE_ELECTRONIC_DEVICE_COVER,"Meyaar Soft Silicon Cover Case Compatible with Apple Airpods 1 & 2, 360° Protective Case Compatible with Airpod 1st and 2nd Generation case (Teal-Switch (green))",https://m.media-amazon.com/images/I/41JVD20Gx+L.jpg,,
B0CXPSHQ85,Wall-E-Robot-1/2,Ap-1/2-Cartoon-1,no,COLOR,Yellow Grey,,,yes,,PORTABLE_ELECTRONIC_DEVICE_COVER,"Meyaar Soft Silicon Cover Case Compatible with Apple Airpods 1 & 2, 360° Protective Case Compatible with Airpod 1st and 2nd Generation case (Wall-E-Robot (Yellow))",https://m.media-amazon.com/images/I/51OvVpLEU9L.jpg,,
B0CXPSS3QK,ICE-(PINK)),Ap-1/2-Cartoon-1,no,COLOR,Pink 2,,,yes,,PORTABLE_ELECTRONIC_DEVICE_COVER,"Meyaar Soft Silicon Cover Case Compatible with Apple Airpods 1 & 2, 360° Protective Case Compatible with Airpod 1st and 2nd Generation case (Ice Cream (Pink))",https://m.media-amazon.com/images/I/71iob2qZGDL.jpg,,
B0CXPT364P,Instagram),Ap-1/2-Cartoon-1,no,COLOR,Light Brown,,,yes,,PORTABLE_ELECTRONIC_DEVICE_COVER,"Meyaar Soft Silicon Cover Case Compatible with Apple Airpods 1 & 2, 360° Protective Case Compatible with Airpod 1st and 2nd Generation case (Insta (Skin))",https://m.media-amazon.com/images/I/41lY0PDU-jL.jpg,,
B0CXT3QL9H,1/2-(Sling.Pink.Kitty)1,1/2-New-Airpods-OG,no,COLOR,Pink Kitty With Sling,,,yes,,PORTABLE_ELECTRONIC_DEVICE_COVER,"Meyaar Silicon Cover Compatible with Apple Airpods 1 & 2, 360° Protective Case Only Made For Airpod 2 & 1 case (Not For Any other Model) (Sling Kitty Pink)",https://m.media-amazon.com/images/I/61usb87xYoL.jpg,,
B0CXT47GNZ,Elego.(GREY)-1/2-1,1/2-New-Airpods-OG,no,COLOR,Grey (Game-Pad),,,yes,,PORTABLE_ELECTRONIC_DEVICE_COVER,"Meyaar Silicon Cover Compatible with Apple Airpods 1 & 2, 360° Protective Case Only Made For Airpod 2 & 1 case (Not For Any other Model) (Game-Pad-Grey)",https://m.media-amazon.com/images/I/71b0UjjG4vL.jpg,,
B0CXT57N3L,Whskey-1/2.1,1/2-New-Airpods-OG,no,COLOR,Brown Bottle,,,yes,,PORTABLE_ELECTRONIC_DEVICE_COVER,"Meyaar Silicon Cover Compatible with Apple Airpods 1 & 2, 360° Protective Case Only Made For Airpod 2 & 1 case (Not For Any other Model) (Jack Sarrow Whis-key)",https://m.media-amazon.com/images/I/71uCxpFiXCL.jpg,,
B0CXT7JNCJ,Unicorn-(Pink-1.2,1/2-New-Airpods-OG,no,COLOR,Pink Horse,,,yes,,PORTABLE_ELECTRONIC_DEVICE_COVER,"Meyaar Silicon Cover Compatible with Apple Airpods 1 & 2, 360° Protective Case Only Made For Airpod 2 & 1 case (Not For Any other Model) (Pink Uni-corn)",https://m.media-amazon.com/images/I/41jUuYN6arL.jpg,,
B0CXTB2ZPL,1/2-(Clear)-1,1/2-New-Airpods-OG,no,COLOR,Transparent,,,yes,,PORTABLE_ELECTRONIC_DEVICE_COVER,"Meyaar Silicon Cover Compatible with Apple Airpods 1 & 2, 360° Protective Case Only Made For Airpod 2 & 1 case (Not For Any other Model) (Clear)",https://m.media-amazon.com/images/I/41DFdoDd+XL.jpg,,
B0CXXXKNJF,Sam-25W-(Con.Blk..,D1-LKTJ-7RNJ,no,COLOR,Console Black,,,yes,,PORTABLE_ELECTRONIC_DEVICE_COVER,Meyaar Silicone Case for Apple 20W USB-C Power Adapter Protective Cover for Apple iPhone Charger 20W/18W Adapter With Wire Saver (Charger Not Included) (Console Black),https://m.media-amazon.com/images/I/71rdcgrdXfL.jpg,,
B0CYPSHPNP,Ch-Wire-(Night.Fury,D1-LKTJ-7RNJ,no,COLOR,Black (Dragon),,,yes,,PORTABLE_ELECTRONIC_DEVICE_COVER,Meyaar 4 in 1 Silicone Case for Apple 20W USB-C Power Adapter Protective Cover for Apple iPhone Charger 20W/18W Adapter with Spiral Wire Saver (Charger Not Included) (Black (Dragon)),https://m.media-amazon.com/images/I/51XcIdeLOYL.jpg,,
B0CYPWXTGF,Charger-(Brown-Teddy/,D1-LKTJ-7RNJ,no,COLOR,Teddy (Brown),,,yes,,PORTABLE_ELECTRONIC_DEVICE_COVER,Meyaar 4 in 1 Silicone Case for Apple 20W USB-C Power Adapter Protective Cover for Apple iPhone Charger 20W/18W Adapter with Spiral Wire Saver (Charger Not Included) (Teddy (Brown)),https://m.media-amazon.com/images/I/41aVHMUMCOL.jpg,,
B0CYPX5BTL,Ch-Wire-(Red.Dog,D1-LKTJ-7RNJ,no,COLOR,Red (Dog),,,yes,,PORTABLE_ELECTRONIC_DEVICE_COVER,Meyaar 4 in 1 Silicone Case for Apple 20W USB-C Power Adapter Protective Cover for Apple iPhone Charger 20W/18W Adapter with Spiral Wire Saver (Charger Not Included) (Red (Dog)),https://m.media-amazon.com/images/I/71zINmANTAL.jpg,,
B0CYPY9R2V,Charger-Bow-(BlacK/,D1-LKTJ-7RNJ,no,COLOR,Bow (Black),,,yes,,PORTABLE_ELECTRONIC_DEVICE_COVER,Meyaar 4 in 1 Silicone Case for Apple 20W USB-C Power Adapter Protective Cover for Apple iPhone Charger 20W/18W Adapter with Spiral Wire Saver (Charger Not Included) (Bow (Black)),https://m.media-amazon.com/images/I/61oTelAsDwL.jpg,,
B0CYPYPLXH,Ch-Wire-(Pink.Cat,D1-LKTJ-7RNJ,no,COLOR,Pink (Kitty),,,yes,,PORTABLE_ELECTRONIC_DEVICE_COVER,Meyaar 4 in 1 Silicone Case for Apple 20W USB-C Power Adapter Protective Cover for Apple iPhone Charger 20W/18W Adapter with Spiral Wire Saver (Charger Not Included) (Pink (Kitty)),https://m.media-amazon.com/images/I/51EyQbK47FL.jpg,,
B0CYPYXWPM,Charger-(Kirby-Pink/,D1-LKTJ-7RNJ,no,COLOR,Kirby (Pink),,,yes,,PORTABLE_ELECTRONIC_DEVICE_COVER,Meyaar 4 in 1 Silicone Case for Apple 20W USB-C Power Adapter Protective Cover for Apple iPhone Charger 20W/18W Adapter with Spiral Wire Saver (Charger Not Included) (Kirby (Pink)),https://m.media-amazon.com/images/I/41dH18EO4ZL.jpg,,
B0CYPZ33CM,Charger-Bow-(Pink/,D1-LKTJ-7RNJ,no,COLOR,Bow (Pink),,,yes,,PORTABLE_ELECTRONIC_DEVICE_COVER,Meyaar 4 in 1 Silicone Case for Apple 20W USB-C Power Adapter Protective Cover for Apple iPhone Charger 20W/18W Adapter with Spiral Wire Saver (Charger Not Included) (Bow (Pink)),https://m.media-amazon.com/images/I/61edPEPoewL.jpg,,
B0CYQ1JG96,Chrger-(Astronaut/,D1-LKTJ-7RNJ,no,COLOR,Astronaut (grey),,,yes,,PORTABLE_ELECTRONIC_DEVICE_COVER,Meyaar 4 in 1 Silicone Case for Apple 20W USB-C Power Adapter Protective Cover for Apple iPhone Charger 20W/18W Adapter with Spiral Wire Saver (Charger Not Included) (Astronaut (grey)),https://m.media-amazon.com/images/I/6161HxyQ6QL.jpg,,
B0CZ1ZXTC1,RB-2(Silicone)-(Blue.,RB-2-strap-All,no,COLOR,Silicone (Blue),,,yes,,WATCH_BAND,Meyaar Strap Band Only Compatible With realme Band 2 (Not For Any other Brand Watch) : (Tracker Not Included) (Strap Only) (Silicone (Blue)),https://m.media-amazon.com/images/I/31tKzgH6ePL.jpg,,
B0CZ219KQK,RB-2(Silicone)-(Skin.,RB-2-strap-All,no,COLOR,Silicone (Skin),,,yes,,WATCH_BAND,Meyaar Strap Band Only Compatible With realme Band 2 (Not For Any other Brand Watch) : (Tracker Not Included) (Strap Only) (Silicone (Skin)),https://m.media-amazon.com/images/I/31-wVr4Uu-L.jpg,,
B0CZ233T38,RB-2(Silicone)-(Grey.,RB-2-strap-All,no,COLOR,Silicone (Grey),,,yes,,WATCH_BAND,Meyaar Strap Band Only Compatible With realme Band 2 (Not For Any other Brand Watch) : (Tracker Not Included) (Strap Only) (Silicone (Grey)),https://m.media-amazon.com/images/I/31qdLgkA+pL.jpg,,
B0CZ23G7P1,RB-2(Silicone)-(Red.,RB-2-strap-All,no,COLOR,Silicone (Red),,,yes,,WATCH_BAND,Meyaar Strap Band Only Compatible With realme Band 2 (Not For Any other Brand Watch) : (Tracker Not Included) (Strap Only) (Silicone (Red)),https://m.media-amazon.com/images/I/41JABny3jXL.jpg,,
B0CZ248LDM,18MM_(BLUE)_Magnet,RB-2-strap-All,no,COLOR,Chain Blue,,,yes,,WATCH_BAND,Meyaar Strap Band Only Compatible With realme Band 2 (Not For Any other Brand Watch) : (Tracker Not Included) (Strap Only) (Chain Blue),https://m.media-amazon.com/images/I/51PXkruqR3L.jpg,,
B0CZ25HPB8,RB-2(Silicone)-(Green.,RB-2-strap-All,no,COLOR,Silicone (Green),,,yes,,WATCH_BAND,Meyaar Strap Band Only Compatible With realme Band 2 (Not For Any other Brand Watch) : (Tracker Not Included) (Strap Only) (Silicone (Green)),https://m.media-amazon.com/images/I/318VfyEoN4L.jpg,,
B0CZ287SP4,RB-2(Silicone)-(WHITE.,RB-2-strap-All,no,COLOR,Silicone (White),,,yes,,WATCH_BAND,Meyaar Strap Band Only Compatible With realme Band 2 (Not For Any other Brand Watch) : (Tracker Not Included) (Strap Only) (Silicone (White)),https://m.media-amazon.com/images/I/317WNoMzmsL.jpg,,
B0CZ2FZQ8V,RB-2(Silicone)-(Black.,RB-2-strap-All,no,COLOR,Silicone (Black),,,yes,,WATCH_BAND,Meyaar Strap Band Only Compatible With realme Band 2 (Not For Any other Brand Watch) : (Tracker Not Included) (Strap Only) (Silicone (Black)),https://m.media-amazon.com/images/I/313yzvgKEPL.jpg,,
B0CZ3QBYHB,3rd.(Sling.Kitty.BLK),3rd Generation Cute All,no,COLOR,Sling Kitty Black,,,yes,,PORTABLE_ELECTRONIC_DEVICE_COVER,"Meyaar Cute Silicone Case Compatible with Airpods 3rd Generation Case (2021), Two Part Design with Carabiner Hook, For Apple AirPods 3rd Gen Case (Sling Kitty Black)",https://m.media-amazon.com/images/I/41an-lDnDhL.jpg,,
B0D1CXXPM3,(Polarbear)-AP-1/2,1M-NL6L-4F47,no,COLOR,Polar-Bear,,,yes,,PORTABLE_ELECTRONIC_DEVICE_COVER,"Meyaar Silicone Case with Keychain, Designed for Apple AirPods 1 & 2 Only (Not For Any Other Model) (Airpods Not Included) (Polar-Bear)",https://m.media-amazon.com/images/I/41b2phWIjSL.jpg,,
B0D1D59DQT,Elego.(GREY)-1/2-.,1M-NL6L-4F47,no,COLOR,Game-Pad (Grey),,,yes,,PORTABLE_ELECTRONIC_DEVICE_COVER,"Meyaar Silicone Case with Keychain, Designed for Apple AirPods 1 & 2 Only (Not For Any Other Model) (Airpods Not Included) (Game-Pad (Grey))",https://m.media-amazon.com/images/I/71b0UjjG4vL.jpg,,
B0D1D5L26T,1/2-(Clear)-1.2.,1M-NL6L-4F47,no,COLOR,Transparent,,,yes,,PORTABLE_ELECTRONIC_DEVICE_COVER,"Meyaar Silicone Case with Keychain, Designed for Apple AirPods 1 & 2 Only (Not For Any Other Model) (Airpods Not Included) (Transparent)",https://m.media-amazon.com/images/I/41DFdoDd+XL.jpg,,
B0D1D6VS8L,Teal-Switch,1M-NL6L-4F47,no,COLOR,Teal-Switch Green,,,yes,,PORTABLE_ELECTRONIC_DEVICE_COVER,"Meyaar Silicone Case with Keychain, Designed for Apple AirPods 1 & 2 Only (Not For Any Other Model) (Airpods Not Included) (Teal-Switch Green)",https://m.media-amazon.com/images/I/41JVD20Gx+L.jpg,,
B0D1DD26GF,"Vodka-1/2,.",1M-NL6L-4F47,no,COLOR,Clear,,,yes,,PORTABLE_ELECTRONIC_DEVICE_COVER,"Meyaar Silicone Case with Keychain, Designed for Apple AirPods 1 & 2 Only (Not For Any Other Model) (Airpods Not Included) (Clear)",https://m.media-amazon.com/images/I/51DmbIsTXqL.jpg,,
B0D1DK8H98,Nintendo-Switch-1,1M-NL6L-4F47,no,COLOR,Nin-tendo Blue,,,yes,,PORTABLE_ELECTRONIC_DEVICE_COVER,"Meyaar Silicone Case with Keychain, Designed for Apple AirPods 1 & 2 Only (Not For Any Other Model) (Airpods Not Included) (Nin-tendo Blue)",https://m.media-amazon.com/images/I/41AEeLQgIoL.jpg,,
B0D22NM8XF,25W-New-(Totoro.Grey,,no,,,,,yes,,POWER_STRIP,Meyaar Silicone Case for Samsung 25W Single Port USB Type-C Fast Charger Protective Cover for Samsung 25W Power Adapter Charger with Wire Saver(Charger Not Included) (Totoro (Grey)),https://m.media-amazon.com/images/I/51ARlFicPHL.jpg,,
B0D2YB61QP,25W-New-Teddy-Brown,FK-C988-1WJV,no,COLOR,Teddy-Brown,,,yes,,PORTABLE_ELECTRONIC_DEVICE_COVER,"Meyaar 5 IN 1 Case Cover Compatible with Samsung 25W Single Port, Type-C Fast Charger Silicone Case Cover with Complete Protection 3D Design Clear Soft Silicone Case Cover 5 in 1 (Teddy-Brown)",https://m.media-amazon.com/images/I/61C7cC-AhxL.jpg,,
B0D2YCK33T,25W-New-Teddy-Blue,FK-C988-1WJV,no,COLOR,Teddy-Blue,,,yes,,PORTABLE_ELECTRONIC_DEVICE_COVER,"Meyaar 5 IN 1 Case Cover Compatible with Samsung 25W Single Port, Type-C Fast Charger Silicone Case Cover with Complete Protection 3D Design Clear Soft Silicone Case Cover 5 in 1 (Teddy-Blue)",https://m.media-amazon.com/images/I/51NOIVXgWPL.jpg,,
B0D2YCN5TN,25W-New-Devil-Purple,FK-C988-1WJV,no,COLOR,Devil- Purple,,,yes,,PORTABLE_ELECTRONIC_DEVICE_COVER,"Meyaar 5 IN 1 Case Cover Compatible with Samsung 25W Single Port, Type-C Fast Charger Silicone Case Cover with Complete Protection 3D Design Clear Soft Silicone Case Cover 5 in 1 (Devil- Purple)",https://m.media-amazon.com/images/I/514eDYNJFOL.jpg,,
B0D2YD245B,25W-New-Kirby-Pink,FK-C988-1WJV,no,COLOR,Kirby-Pink,,,yes,,PORTABLE_ELECTRONIC_DEVICE_COVER,"Meyaar 5 IN 1 Case Cover Compatible with Samsung 25W Single Port, Type-C Fast Charger Silicone Case Cover with Complete Protection 3D Design Clear Soft Silicone Case Cover 5 in 1 (Kirby-Pink)",https://m.media-amazon.com/images/I/614sPuTd48L.jpg,,
B0D2YDFY2D,25W-New-Kurom,FK-C988-1WJV,no,COLOR,Kuromi (Black),,,yes,,PORTABLE_ELECTRONIC_DEVICE_COVER,"Meyaar 5 IN 1 Case Cover Compatible with Samsung 25W Single Port, Type-C Fast Charger Silicone Case Cover with Complete Protection 3D Design Clear Soft Silicone Case Cover 5 in 1 (Kuromi (Black))",https://m.media-amazon.com/images/I/61a9FYWSi0L.jpg,,
B0D2YDSGNW,25W-New-Lina-Pnk,FK-C988-1WJV,no,COLOR,Lina-Pnk,,,yes,,PORTABLE_ELECTRONIC_DEVICE_COVER,"Meyaar 5 IN 1 Case Cover Compatible with Samsung 25W Single Port, Type-C Fast Charger Silicone Case Cover with Complete Protection 3D Design Clear Soft Silicone Case Cover 5 in 1 (Lina-Pnk)",https://m.media-amazon.com/images/I/51Lo2plGv3L.jpg,,
B0D2YDVJXV,25W-New-Gang-Pika,FK-C988-1WJV,no,COLOR,Gang-Pika (Yellow),,,yes,,PORTABLE_ELECTRONIC_DEVICE_COVER,"Meyaar 5 IN 1 Compatible with Samsung 25W Single Port, Type-C Fast Charger Silicone Case Cover with Complete Protection 3D Design Clear Soft Silicone Case Cover 5 in 1 (Gang-Pika (Yellow))",https://m.media-amazon.com/images/I/71knBkyOPEL.jpg,,
B0D3FGNF32,2nd-Pro-(Barbie),BW-KT1Z-V1X0,no,COLOR,Bar.bie,,,yes,,PORTABLE_ELECTRONIC_DEVICE_COVER,"Meyaar Silicone Case Made for AirPod Pro 2019/2022,3D Cute Cartoon Kids Boys Men Case With Keychain For Airpods Pro 2nd Gen 2022 & For Airpods Pro 2019 (Bar.bie)",https://m.media-amazon.com/images/I/61DLHZKXJZL.jpg,,
B0D49B9699,25W-New-(Tom,EW-5ZHC-I95N,no,COLOR,Blue (Tom),,,no,,CELLULAR_PHONE_CASE,Meyaar Silicone Case for Samsung 25W Single Port USB Type-C Fast Charger Protective Cover,,,
B0D4RKHHXW,3rD.Gen.-(Ice_Brown-,3rd-Gen-New,no,COLOR,Ice Cream Chocolate,,,yes,,PORTABLE_ELECTRONIC_DEVICE_COVER,Meyaar Compatible with AirPods 3 Case Cover for AirPods 3rd Generation Charging Case 2021 Silicone Protective Accessories Skin with Keychain (Ice Cream Chocolate),https://m.media-amazon.com/images/I/61LdJO+BYlL.jpg,,
B0D5Z9BGZ9,2nd-pro-HP-(Pooh,HY-EGH5-LOH4,no,COLOR,Po.oh With Grey Band,,,yes,,PORTABLE_ELECTRONIC_DEVICE_COVER,"Meyaar Silicone Cute Cartoon Design Case Cover for Apple Airpods Pro Case 2019/Airpods Pro 2nd Generation Case 2022, 3D Cover for Airpods Pro 2 Case for Girls/Boys. (Po.oh With Grey Band)",https://m.media-amazon.com/images/I/51J7w5XRPJL.jpg,,
B0D5ZKRFH4,2nd-pro-HP-(Red Bear,HY-EGH5-LOH4,no,COLOR,Red Bear With Grey Band,,,yes,,PORTABLE_ELECTRONIC_DEVICE_COVER,"Meyaar Silicone Cute Cartoon Design Case Cover for Apple Airpods Pro Case 2019/Airpods Pro 2nd Generation Case 2022, 3D Cover for Airpods Pro 2 Case for Girls/Boys. (Red Bear With Grey Band)",https://m.media-amazon.com/images/I/51uZAk43vvL.jpg,,
B0D5ZM4LKC,2nd-pro-HP-(BoB,HY-EGH5-LOH4,no,COLOR,BoB With Grey Band,,,yes,,PORTABLE_ELECTRONIC_DEVICE_COVER,"Meyaar Silicone Cute Cartoon Design Case Cover for Apple Airpods Pro Case 2019/Airpods Pro 2nd Generation Case 2022, 3D Cover for Airpods Pro 2 Case for Girls/Boys. (BoB With Grey Band)",https://m.media-amazon.com/images/I/51NQEn1oBqL.jpg,,
B0D5ZRXKDN,2nd-pro-HP-(Minnie,HY-EGH5-LOH4,no,COLOR,Minnie With Grey Band,,,yes,,PORTABLE_ELECTRONIC_DEVICE_COVER,"Meyaar Silicone Cute Cartoon Design Case Cover for Apple Airpods Pro Case 2019/Airpods Pro 2nd Generation Case 2022, 3D Cover for Airpods Pro 2 Case for Girls/Boys. (Minnie With Grey Band)",https://m.media-amazon.com/images/I/71GHwpods2L.jpg,,
B0D5ZT6RBS,2nd-pro-HP-(Tom,HY-EGH5-LOH4,no,COLOR,Cat With Grey Band,,,yes,,PORTABLE_ELECTRONIC_DEVICE_COVER,"Meyaar Silicone Cute Cartoon Design Case Cover for Apple Airpods Pro Case 2019/Airpods Pro 2nd Generation Case 2022, 3D Cover for Airpods Pro 2 Case for Girls/Boys. (Cat With Grey Band)",https://m.media-amazon.com/images/I/31dUPSu3JYL.jpg,,
B0D612B1P6,2nd-pro-HP-(Black.Kity,HY-EGH5-LOH4,no,COLOR,Black Kitty With Grey Band,,,yes,,PORTABLE_ELECTRONIC_DEVICE_COVER,"Meyaar Silicone Cute Cartoon Design Case Cover for Apple Airpods Pro Case 2019/Airpods Pro 2nd Generation Case 2022, 3D Cover for Airpods Pro 2 Case for Girls/Boys. (Black Kitty With Grey Band)",https://m.media-amazon.com/images/I/61Ac9ubFbTL.jpg,,
B0D823B3GF,25W-New-Teddy-Blue),25W-Sam-Charger-1,no,COLOR,Teddy-Blue,,,yes,,POWER_CORD,Meyaar Silicone Case for Samsung 25W Single Port USB Type-C Fast Charger Protective Cover for Samsung 25W Power Adapter Charger with Wire Saver (Charger Not Included) (Teddy-Blue),https://m.media-amazon.com/images/I/6186wQEXQ6L.jpg,,
B0D8245KPT,25W-New-Teddy-Brown),25W-Sam-Charger-1,no,COLOR,Teddy-Brown,,,yes,,POWER_CORD,Meyaar Silicone Case for Samsung 25W Single Port USB Type-C Fast Charger Protective Cover for Samsung 25W Power Adapter Charger with Wire Saver (Charger Not Included) (Teddy-Brown),https://m.media-amazon.com/images/I/41aVHMUMCOL.jpg,,
B0D84QXPX2,2nd-pro-HP-(Pooh),BW-KT1Z-V1X0,no,COLOR,Po.oh With Grey Band,,,yes,,PORTABLE_ELECTRONIC_DEVICE_COVER,"Meyaar Silicone Case Made for AirPod Pro 2019/2022,3D Cute Cartoon Kids Boys Men Case With Keychain For Airpods Pro 2nd Gen 2022 & For Airpods Pro 2019 (Po.oh With Grey Band)",https://m.media-amazon.com/images/I/51J7w5XRPJL.jpg,,
B0D98TF3NK,Waist-Bag-3,Bum-Bag-2.0,no,COLOR,Dark Blue,,,yes,yes,WAIST_PACK,"Meyaar Waist Bag for Men Women, Crossbody Waist Bag with 3-Zipper Pockets, Belt Bag for Travel Walking Running Hiking Cycling, Easy to Carry Any Phone, Wallet for Men and Women (Blue)",https://m.media-amazon.com/images/I/41nHOeweL7L.jpg,,
B0D98VZQ3V,Waist-Bag-3Zip-(Blk),Bum-Bag-2.0,no,COLOR,Black,,,yes,,WAIST_PACK,"Meyaar Waist Bag for Men Women, Crossbody Waist Bag with 3-Zipper Pockets, Belt Bag for Travel Walking Running Hiking Cycling, Easy to Carry Any Phone, Wallet for Men and Women (Black)",https://m.media-amazon.com/images/I/41m5cvXysaL.jpg,,
B0D98X85JC,Waist-Bag-2,Bum-Bag-2.0,no,COLOR,Grey,,,yes,yes,WAIST_PACK,"Meyaar Waist Bag for Men Women, Crossbody Waist Bag with 3-Zipper Pockets, Belt Bag for Travel Walking Running Hiking Cycling, Easy to Carry Any Phone, Wallet for Men and Women (Blue)",https://m.media-amazon.com/images/I/41pqzB6gk7L.jpg,,
B0D98XJKQT,Waist-Bag-1,Bum-Bag-2.0,no,COLOR,Sand,,,yes,yes,WAIST_PACK,"Meyaar Waist Bag for Men Women, Crossbody Waist Bag with 3-Zipper Pockets, Belt Bag for Travel Walking Running Hiking Cycling, Easy to Carry Any Phone, Wallet for Men and Women (Sand)",https://m.media-amazon.com/images/I/51LQfpUpnKL.jpg,,
B0DB2V4LQL,W4-Alpine-All-4-Pack,KZ-RWNG-WRBB,no,COLOR,STARLIGHT / ORANGE / BLACK / GREEN,,,yes,,WATCH_BAND,Meyaar Watch Straps/Bands Compatible With Samsung Galaxy Watch 5 Pro/Galaxy Watch 6/5/4 40mm 44mm/ Galaxy Watch 4 Classic 46mm [ COMBO OF 4 ] (STARLIGHT / ORANGE / BLACK / GREEN),https://m.media-amazon.com/images/I/715f+gtcGzL.jpg,,
B0DBWQ6KDT,25W-New-Bow-Pink,25W-Sam-Charger-1,no,COLOR,Bow (pink),,,yes,,POWER_CORD,Meyaar Silicone Case for Samsung 25W Single Port USB Type-C Fast Charger Protective Cover for Samsung 25W Power Adapter Charger with Wire Saver (Charger Not Included) (Bow (pink)),https://m.media-amazon.com/images/I/71yDYCdup1L.jpg,,
B0DC4P8PP7,Galaxy-47mm-Strap-(Grey,Galaxy-47mm-Ultra-Strap,no,COLOR,Grey,,,yes,,WATCH_BAND,"Meyaar Compatible for Samsung Galaxy Watch 7 Ultra Band 47mm, Silicone Sport Strap With Magnetic Buckle Replacement Accessory Women Men Fit for Samsung Galaxy Watch Ultra Band (Grey)",https://m.media-amazon.com/images/I/415oo06EnIL.jpg,,
B0DC4QWPRP,Galaxy-47mm-Strap-(Blu,Galaxy-47mm-Ultra-Strap,no,COLOR,Blue,,,yes,,WATCH_BAND,"Meyaar Compatible for Samsung Galaxy Watch 7 Ultra Band 47mm, Silicone Sport Strap With Magnetic Buckle Replacement Accessory Women Men Fit for Samsung Galaxy Watch Ultra Band (Blue)",https://m.media-amazon.com/images/I/41WiMIxoX6L.jpg,,
B0DC4QZYR1,Galaxy-47mm-Strap-(Ornge,Galaxy-47mm-Ultra-Strap,no,COLOR,Orange,,,yes,,WATCH_BAND,"Meyaar Compatible for Samsung Galaxy Watch 7 Ultra Band 47mm, Silicone Sport Strap With Magnetic Buckle Replacement Accessory Women Men Fit for Samsung Galaxy Watch Ultra Band (Orange)",https://m.media-amazon.com/images/I/41MjDnM17hL.jpg,,
B0DC4SK3F8,Galaxy-47mm-Strap-(BLK,Galaxy-47mm-Ultra-Strap,no,COLOR,Black,,,yes,,WATCH_BAND,"Meyaar Compatible for Samsung Galaxy Watch 7 Ultra Band 47mm, Silicone Sport Strap With Magnetic Buckle Replacement Accessory Women Men Fit for Samsung Galaxy Watch Ultra Band (Black)",https://m.media-amazon.com/images/I/417wsVipiRL.jpg,,
B0DC5KYT6M,Galaxy-47mm-Strp-Night,Galaxy-47mm-Ultra-Strap,no,COLOR,Dark Grey,,,yes,,WATCH_BAND,"Meyaar Compatible for Samsung Galaxy Watch 7 Ultra Band 47mm, Silicone Sport Strap With Magnetic Buckle Replacement Accessory Women Men Fit for Samsung Galaxy Watch Ultra Band (Dark Grey)",https://m.media-amazon.com/images/I/41n29DkpTvL.jpg,,
B0DC5LZB2M,Galaxy-47mm-Strp-Green,Galaxy-47mm-Ultra-Strap,no,COLOR,Green,,,yes,,WATCH_BAND,"Meyaar Compatible for Samsung Galaxy Watch 7 Ultra Band 47mm, Silicone Sport Strap With Magnetic Buckle Replacement Accessory Women Men Fit for Samsung Galaxy Watch Ultra Band (Green)",https://m.media-amazon.com/images/I/51b1wvIbm0L.jpg,,
B0DC5M168T,Galaxy-47mm-Strp-White,Galaxy-47mm-Ultra-Strap,no,COLOR,White,,,yes,,WATCH_BAND,"Meyaar Compatible for Samsung Galaxy Watch 7 Ultra Band 47mm, Silicone Sport Strap With Magnetic Buckle Replacement Accessory Women Men Fit for Samsung Galaxy Watch Ultra Band (White)",https://m.media-amazon.com/images/I/41mBj+y461L.jpg,,
B0DC5M62WM,Galaxy-47mm-Strp-(Pink,Galaxy-47mm-Ultra-Strap,no,COLOR,Pink,,,yes,,WATCH_BAND,"Meyaar Compatible for Samsung Galaxy Watch 7 Ultra Band 47mm, Silicone Sport Strap With Magnetic Buckle Replacement Accessory Women Men Fit for Samsung Galaxy Watch Ultra Band (Pink)",https://m.media-amazon.com/images/I/414mgsaQ2XL.jpg,,
B0DC5MT3F5,Galaxy-47mm-Strp-Wine,Galaxy-47mm-Ultra-Strap,no,COLOR,Burgundy,,,yes,,WATCH_BAND,"Meyaar Compatible for Samsung Galaxy Watch 7 Ultra Band 47mm, Silicone Sport Strap With Magnetic Buckle Replacement Accessory Women Men Fit for Samsung Galaxy Watch Ultra Band (Burgundy)",https://m.media-amazon.com/images/I/516KxRmurkL.jpg,,
B0DC5N6G5P,GALAXY-7-44mm(BLK,UK-O6TR-GNIE,no,COLOR/SIZE,Black,for Galaxy Watch 7 44mm,,yes,,SCREEN_PROTECTOR,"Meyaar for Samsung Galaxy Watch 7/5/4 44mm Screen Protector For Samsung Watch 7/5/4 44mm, High Sensitivity, Reliable Face Cover for Samsung Galaxy Watch 7/5/4 44mm (Black, for Galaxy Watch 7 44mm)",https://m.media-amazon.com/images/I/619I0UjmMhL.jpg,,
B0DC5NDTJT,GALAXY-6-44mm-(BLK,UK-O6TR-GNIE,no,COLOR/SIZE,Black,for Galaxy Watch 6 44mm,,yes,,SCREEN_PROTECTOR,"Meyaar for Samsung Galaxy Watch 6 44mm Screen Protector For Samsung Watch 6 44mm, High Sensitivity, Reliable Face Cover for Samsung Galaxy Watch 6 44mm (Black, for Galaxy Watch 6 44mm)",https://m.media-amazon.com/images/I/61yBmz3awRL.jpg,,
B0DC5NT15T,GALAXY-7-44mm(CLEAR,UK-O6TR-GNIE,no,COLOR/SIZE,Clear,for Galaxy Watch 7 44mm,,yes,,SCREEN_PROTECTOR,"Meyaar for Samsung Galaxy Watch 7/5/4 44mm Screen Protector For Samsung Watch 7/5/4 44mm, High Sensitivity, Reliable Face Cover for Samsung Galaxy Watch 7/5/4 44mm (Clear, for Galaxy Watch 7 44mm)",https://m.media-amazon.com/images/I/61muJ2oimeL.jpg,,
B0DC5P58XN,GALAXY-5-44mm-(BLK/,UK-O6TR-GNIE,no,COLOR/SIZE,Black,for Galaxy Watch 5 44mm,,yes,,SCREEN_PROTECTOR,"Meyaar for Samsung Galaxy Watch 7/5/4 44mm Screen Protector For Samsung Watch 7/5/4 44mm, High Sensitivity, Reliable Face Cover for Samsung Galaxy Watch 7/5/4 44mm (Black, for Galaxy Watch 5 44mm)",https://m.media-amazon.com/images/I/61gy88+kkiL.jpg,,
B0DC5PK6N6,Hard_44mm_Watch-4-(BlK,UK-O6TR-GNIE,no,COLOR/SIZE,Black,for Galaxy Watch 4 44mm,,yes,,SCREEN_PROTECTOR,"Meyaar for Samsung Galaxy Watch 7/5/4 44mm Screen Protector For Samsung Watch 7/5/4 44mm, High Sensitivity, Reliable Face Cover for Samsung Galaxy Watch 7/5/4 44mm (Black, for Galaxy Watch 4 44mm)",https://m.media-amazon.com/images/I/61gy88+kkiL.jpg,,
B0DC5PQ6X5,W7Ultra-Mgntc-Strp-(SLVR.,W7-Ultra-Chain1/,no,COLOR,Silver,,,yes,,WATCH_BAND,"Meyaar Compatible with Galaxy Watch Ultra Bands 47mm (2024) for Women Men, Magnetic Metal Chain Loop Adjustable Strap Replacement for Samsung Galaxy Watch 7 Ultra 47 mm Only (Silver)",https://m.media-amazon.com/images/I/715H+SJNnbL.jpg,,
B0DC5PQDSK,GALAXY-6-44mm-(Clear/,UK-O6TR-GNIE,no,COLOR/SIZE,Clear,for Galaxy Watch 6 44mm,,yes,,SCREEN_PROTECTOR,"Meyaar for Samsung Galaxy Watch 7/5/4 44mm Screen Protector For Samsung Watch 7/5/4 44mm, High Sensitivity, Reliable Face Cover for Samsung Galaxy Watch 7/5/4 44mm (Clear, for Galaxy Watch 6 44mm)",https://m.media-amazon.com/images/I/617Q9BYPM-L.jpg,,
B0DC5Q67C1,W7Ultra-Mgntc-Strp-(BLK,W7-Chain-All,no,COLOR,Black,,,yes,,WATCH_BAND,"Meyaar Compatible with Galaxy Watch Ultra Bands 47mm(2024) for Women Men, Metal Mesh Magnetic Loop Adjustable Strap Replacement for Samsung Galaxy Watch 7 Ultra 47 mm Only (Black)",https://m.media-amazon.com/images/I/7192+NeLpqL.jpg,,
B0DC8KYN5Y,Ch-Wire-(Teal-Switch/,,no,,,,,yes,,WATCH_BAND,Meyaar Silicone Case for Iphone Charger 18W 20W for Apple iPhone 15 14 13 12 11 Pro Max Charging Cable Charger Protective Cover Data Cable Protective Sleeve (Teal-Switch),https://m.media-amazon.com/images/I/51ohn5GeQxL.jpg,,
B0DCCFBQ2G,Galaxy-47mm-Strp-Sand,Galaxy-47mm-Ultra-Strap,no,COLOR,Starlight,,,yes,,WATCH_BAND,"Meyaar Compatible for Samsung Galaxy Watch 7 Ultra Band 47mm, Silicone Sport Strap With Magnetic Buckle Replacement Accessory Women Men Fit for Samsung Galaxy Watch Ultra Band (Starlight)",https://m.media-amazon.com/images/I/41ZAwxbQ6qL.jpg,,
B0DCDHSRMY,Mgnet-Soft-45mm-(Wine)),OU-UXA4-HUA1,no,COLOR,Burgundy,,,yes,,WATCH_BAND,"Meyaar Compatible with Apple Watch Straps 49mm 45mm 44mm 42mm for Women Men, Soft Silicone Magnetic Buckle Sport Bands for iWatch Series 9 8 7 6 5 SE/SE2 4 3 2 1 Ultra/Ultra 2 (Burgundy)",https://m.media-amazon.com/images/I/61TiHMLvrXL.jpg,,
B0DCH9DTFN,W7-Ultra-Nylon-(Milk,E6-DY4E-HD86,no,COLOR,Milk White,,,yes,,WATCH_BAND,"Meyaar Nylon Loop Compatible With Samsung Galaxy Watch Ultra Bands Women Men, Adjustable Breathable Sport Nylon Strap With PC Hooks Wristband for Samsung Galaxy Watch 7 Ultra 47mm (Milk White)",https://m.media-amazon.com/images/I/51x4TybhP+L.jpg,,
B0DCHBR6C6,W7-Ultra-Trail-(Grey,ZP-XCWI-SJER,no,COLOR,Grey Green,,,yes,,WATCH_BAND,"Meyaar Trail Loop Compatible with Samsung Galaxy Watch Ultra 47mm (2025/2024), Breathable Elastic Trail Loop Nylon Sport Band Adjustable Replacement Wristbands for Galaxy Watch Ultra 2025/2024 (Grey Green)",https://m.media-amazon.com/images/I/51EtEnKbs2L.jpg,,
B0DCHM29ZL,W7-Ultra-Trail-(BLUE,ZP-XCWI-SJER,no,COLOR,Grey Blue,,,yes,,WATCH_BAND,"Meyaar Trail Loop Compatible with Samsung Galaxy Watch Ultra 47mm (2025/2024), Breathable Elastic Trail Loop Nylon Sport Band Adjustable Replacement Wristbands for Galaxy Watch Ultra 2025/2024 (Grey Blue)",https://m.media-amazon.com/images/I/61S-zwDbSHL.jpg,,
B0DCHMVFQF,W7-Ultra-Trail-(C-Orng,ZP-XCWI-SJER,no,COLOR,Cream Orange,,,yes,,WATCH_BAND,"Meyaar Trail Loop Compatible with Samsung Galaxy Watch Ultra 47mm (2025/2024), Breathable Elastic Trail Loop Nylon Sport Band Adjustable Replacement Wristbands for Galaxy Watch Ultra 2025/2024 (Cream Orange)",https://m.media-amazon.com/images/I/61PiuO8dk-L.jpg,,
B0DCHPNF4D,W7-Ultra-Nylon-(BLK,E6-DY4E-HD86,no,COLOR,Black,,,yes,,WATCH_BAND,"Meyaar Compatible With Samsung Galaxy Watch Ultra Bands Women Men, Adjustable Breathable Sport Nylon Loop Strap Wristband for Samsung Galaxy Watch 7 Ultra 47mm (Black)",https://m.media-amazon.com/images/I/51zxqvhxFvL.jpg,,
B0DCHQ4VWW,W7-Ultra-Trail-(Yellow,ZP-XCWI-SJER,no,COLOR,Sand Yellow,,,yes,,WATCH_BAND,"Meyaar Trail Loop Compatible with Samsung Galaxy Watch Ultra 47mm (2025/2024), Breathable Elastic Trail Loop Nylon Sport Band Adjustable Replacement Wristbands for Galaxy Watch Ultra 2025/2024 (Sand Yellow)",https://m.media-amazon.com/images/I/51FqKIxQiOL.jpg,,
B0DCHQ6R98,"W7-Ultra-Nylon-(Orng,BLK",E6-DY4E-HD86,no,COLOR,Black Orange,,,yes,,WATCH_BAND,"Meyaar Nylon Loop Compatible With Samsung Galaxy Watch Ultra Bands Women Men, Adjustable Breathable Sport Nylon Strap With PC Hooks Wristband for Samsung Galaxy Watch 7 Ultra 47mm (Black Orange)",https://m.media-amazon.com/images/I/516OGsugfzL.jpg,,
B0DCHR1B5B,W7-Ultra-Nylon-(Indigo,E6-DY4E-HD86,no,COLOR,Indigo,,,yes,,WATCH_BAND,"Meyaar Nylon Loop Compatible With Samsung Galaxy Watch Ultra Bands Women Men, Adjustable Breathable Sport Nylon Strap With PC Hooks Wristband for Samsung Galaxy Watch 7 Ultra 47mm (Indigo)",https://m.media-amazon.com/images/I/61IERCjADrL.jpg,,
B0DCHR52K4,W7-Ultra-Trail-(BLK,ZP-XCWI-SJER,no,COLOR,Black Grey,,,yes,,WATCH_BAND,"Meyaar Trail Loop Compatible with Samsung Galaxy Watch Ultra 47mm (2025/2024), Breathable Elastic Trail Loop Nylon Sport Band Adjustable Replacement Wristbands for Galaxy Watch Ultra 2025/2024 (Black Grey)",https://m.media-amazon.com/images/I/51oSFObYQwL.jpg,,
B0DCK5YWRQ,W7-Sports-Band(Green)),Galaxy-Ultra-Marine,no,COLOR,Forest Green,,,yes,,WATCH_BAND,"Meyaar Compatible with Samsung Galaxy Watch 7 Ultra 47mm Band, Soft Sport Silicone Breathable Strap Watch Bands Men Women for Samsung Galaxy Watch Ultra 47mm (2024) (Forest Green)",https://m.media-amazon.com/images/I/31x37nMGX4L.jpg,,
B0DCK6XS8T,W7-Sports-Band(Orng,Galaxy-Ultra-Marine,no,COLOR,Orange,,,yes,,WATCH_BAND,"Meyaar Compatible with Samsung Galaxy Watch 7 Ultra 47mm Band, Soft Sport Silicone Breathable Strap Watch Bands Men Women for Samsung Galaxy Watch Ultra 47mm (2024) (Orange)",https://m.media-amazon.com/images/I/41UQaDzPBQL.jpg,,
B0DCK75V1C,W7-Sports-Band(Wine,Galaxy-Ultra-Marine,no,COLOR,Burgundy,,,yes,,WATCH_BAND,"Meyaar Compatible with Samsung Galaxy Watch 7 Ultra 47mm Band, Soft Sport Silicone Breathable Strap Watch Bands Men Women for Samsung Galaxy Watch Ultra 47mm (2024) (Burgundy)",https://m.media-amazon.com/images/I/51koHmKErfL.jpg,,
B0DCK7RSSB,W7-Sports-Band(Blk),Galaxy-Ultra-Marine,no,COLOR,Black,,,yes,,WATCH_BAND,"Meyaar Compatible with Samsung Galaxy Watch 7 Ultra 47mm Band, Soft Sport Silicone Breathable Strap Watch Bands Men Women for Samsung Galaxy Watch Ultra 47mm (2024) (Black)",https://m.media-amazon.com/images/I/41SejGsrQ-L.jpg,,
B0DCK86JZH,W7-Sports-Band(Pink,Galaxy-Ultra-Marine,no,COLOR,Pink,,,yes,,WATCH_BAND,"Meyaar Compatible with Samsung Galaxy Watch Ultra 47mm (2024/2025) Band, Soft Sport Silicone Breathable Strap Watch Bands Men Women for Samsung Galaxy Watch Ultra 47mm (2024) (Pink)",https://m.media-amazon.com/images/I/41wTkEZNtBL.jpg,,
B0DCK96S9D,W7-Sports-Band(NIght,Galaxy-Ultra-Marine,no,COLOR,Dark Grey,,,yes,,WATCH_BAND,"Meyaar Compatible with Samsung Galaxy Watch 7 Ultra 47mm Band, Soft Sport Silicone Breathable Strap Watch Bands Men Women for Samsung Galaxy Watch Ultra 47mm (2024) (Dark Grey)",https://m.media-amazon.com/images/I/41K5VFoCOsL.jpg,,
B0DCK9CDPJ,W7-Sports-Band(Grey,Galaxy-Ultra-Marine,no,COLOR,Light Grey,,,yes,,WATCH_BAND,"Meyaar Compatible with Samsung Galaxy Watch 7 Ultra 47mm Band, Soft Sport Silicone Breathable Strap Watch Bands Men Women for Samsung Galaxy Watch Ultra 47mm (2024) (Light Grey)",https://m.media-amazon.com/images/I/51u1rJo9+9L.jpg,,
B0DCK9MN1P,W7-Sports-Band(Sand,Galaxy-Ultra-Marine,no,COLOR,Starlight,,,yes,,WATCH_BAND,"Meyaar Compatible with Samsung Galaxy Watch 7 Ultra 47mm Band, Soft Sport Silicone Breathable Strap Watch Bands Men Women for Samsung Galaxy Watch Ultra 47mm (2024) (Starlight)",https://m.media-amazon.com/images/I/41TfQBvTBdL.jpg,,
B0DCKBF88L,W7-Sports-Band(Blue,Galaxy-Ultra-Marine,no,COLOR,Midnight Blue,,,yes,,WATCH_BAND,"Meyaar Compatible with Samsung Galaxy Watch 7 Ultra 47mm Band, Soft Sport Silicone Breathable Strap Watch Bands Men Women for Samsung Galaxy Watch Ultra 47mm (2024) (Midnight Blue)",https://m.media-amazon.com/images/I/41672sT9aCL.jpg,,
B0DCKCT2Q9,W7-Sports-Band(Green.,W7-Ultra-Marine-Sports,no,COLOR,Green,,,yes,,WATCH_BAND,"Meyaar Compatible with Samsung Galaxy Watch 7 Ultra 47mm Band, Soft Sport Silicone Breathable Strap Watch Bands Men Women for Samsung Galaxy Watch Ultra 47mm (2024) (Green)",https://m.media-amazon.com/images/I/61DLHZGKBkL.jpg,,
B0DCKFQV4N,W7-Sports-Band(White,Galaxy-Ultra-Marine,no,COLOR,White,,,yes,,WATCH_BAND,"Meyaar Compatible with Samsung Galaxy Watch 7 Ultra 47mm Band, Soft Sport Silicone Breathable Strap Watch Bands Men Women for Samsung Galaxy Watch Ultra 47mm (2024) (White)",https://m.media-amazon.com/images/I/31S5e08wrsL.jpg,,
B0DCT1VPLV,W7Ultra-Mgntc-Strp-(Pink,W7-Ultra-Chain1/,no,COLOR,Pink,,,yes,,WATCH_BAND,"Meyaar Compatible with Galaxy Watch Ultra Bands 47mm (2024) for Women Men, Magnetic Metal Chain Loop Adjustable Strap Replacement for Samsung Galaxy Watch 7 Ultra 47 mm Only (Pink)",https://m.media-amazon.com/images/I/71jwxQ7vxiL.jpg,,
B0DCT4YN44,W7-Ultra-Nylon-(Grey,E6-DY4E-HD86,no,COLOR,Grey,,,yes,,WATCH_BAND,"Meyaar Nylon Loop Compatible With Samsung Galaxy Watch Ultra Bands Women Men, Adjustable Breathable Sport Nylon Strap With PC Hooks Wristband for Samsung Galaxy Watch 7 Ultra 47mm (Grey)",https://m.media-amazon.com/images/I/51qsUacn1-L.jpg,,
B0DD4HGMFM,Tempered-W7Ultra,Ultra-Tempered Glass,no,SIZE,Pack of 1,,,yes,,SCREEN_PROTECTOR,"Meyaar Screen Protector for Galaxy Watch Ultra 47mm (2024 & 2025), Tempered Glass Accessories Compatible with Samsung Galaxy Watch Ultra 7/8 – Not for Other Models (Pack of 1)",https://m.media-amazon.com/images/I/41CQ9dVqI6L.jpg,,
B0DDJSD1J9,W7-Sports-Wht+Bum-BLK,85-RLHJ-AOYP,no,COLOR,White Black,,,yes,,WATCH_BAND,"Meyaar Silicone Bands With Bumper Case Hard PC Protective Case for Samsung Galaxy Watch Ultra 47mm(2024), No Gap Sports Replacement Band For Men & Women (White Black)",https://m.media-amazon.com/images/I/41McIo5UnhL.jpg,,
B0DDJTG62Y,W7-Sports-Orng+Bum-BLK,85-RLHJ-AOYP,no,COLOR,Orange Black,,,yes,,WATCH_BAND,"Meyaar Silicone Bands With Bumper Case Hard PC Protective Case for Samsung Galaxy Watch Ultra 47mm(2024), No Gap Sports Replacement Band For Men & Women (Orange Black)",https://m.media-amazon.com/images/I/51pNa8uyrLL.jpg,,
B0DDJTTD28,W7-Sports-BLU+Bum-BLU,85-RLHJ-AOYP,no,COLOR,Blue,,,yes,,WATCH_BAND,"Meyaar Silicone Bands With Bumper Case Hard PC Protective Case for Samsung Galaxy Watch Ultra 47mm(2024), No Gap Sports Replacement Band For Men & Women (Blue)",https://m.media-amazon.com/images/I/51JISccprPL.jpg,,
B0DDJV2L8W,W7-Sports-Wine+Bum-BLK,85-RLHJ-AOYP,no,COLOR,Wine Black,,,yes,,WATCH_BAND,"Meyaar Silicone Bands With Bumper Case Hard PC Protective Case for Samsung Galaxy Watch Ultra 47mm(2024), No Gap Sports Replacement Band For Men & Women (Wine Black)",https://m.media-amazon.com/images/I/51bdSLRfnCL.jpg,,
B0DDJV3YBM,W7-Sports-BLK+Bum-BLK,85-RLHJ-AOYP,no,COLOR,Black,,,yes,,WATCH_BAND,"Meyaar Silicone Bands With Bumper Case Hard PC Protective Case for Samsung Galaxy Watch Ultra 47mm(2024), No Gap Sports Replacement Band For Men & Women (Black)",https://m.media-amazon.com/images/I/518yk-SSF7L.jpg,,
B0DDJV7F9X,W7-Sports-BLK+Bum-Slvr,85-RLHJ-AOYP,no,COLOR,Black Sliver,,,yes,,WATCH_BAND,"Meyaar Silicone Bands With Bumper Case Hard PC Protective Case for Samsung Galaxy Watch Ultra 47mm(2024), No Gap Sports Replacement Band For Men & Women (Black Sliver)",https://m.media-amazon.com/images/I/51njCNGt+pL.jpg,,
B0DDJVP8J3,W7-Sport(WHITE+BLK,RO-Q9XY-J4LF,no,COLOR,Black/White,,,yes,,WATCH_BAND,"Meyaar 2-Pack Ocean Silicone Sport Bands For Samsung Galaxy Watch Ultra 47MM Band, Adjustable Breathable Soft Waterproof Strap For Galaxy Watch 7 Ultra (Black/White)",https://m.media-amazon.com/images/I/61QDre2mr4L.jpg,,
B0DDJVX8DQ,W7-Sport(blk+Orange,RO-Q9XY-J4LF,no,COLOR,Black/Orange,,,yes,,WATCH_BAND,"Meyaar 2-Pack Ocean Silicone Sport Bands For Samsung Galaxy Watch Ultra 47MM Band, Adjustable Breathable Soft Waterproof Strap For Galaxy Watch 7 Ultra (Black/Orange)",https://m.media-amazon.com/images/I/61TZgxvTnuL.jpg,,
B0DDJWPGC1,W7-Sports-Grey+Bum-SLvr,85-RLHJ-AOYP,no,COLOR,Grey Silver,,,yes,,WATCH_BAND,"Meyaar Silicone Bands With Bumper Case Hard PC Protective Case for Samsung Galaxy Watch Ultra 47mm(2024), No Gap Sports Replacement Band For Men & Women (Grey Silver)",https://m.media-amazon.com/images/I/41PaN2ybqyL.jpg,,
B0DDJX587L,W7-Sport_(Grey+Green,RO-Q9XY-J4LF,no,COLOR,Forest Green/Grey,,,yes,,WATCH_BAND,"Meyaar 2-Pack Ocean Silicone Sport Bands For Samsung Galaxy Watch Ultra 47MM Band, Adjustable Breathable Soft Waterproof Strap For Galaxy Watch 7 Ultra (Forest Green/Grey)",https://m.media-amazon.com/images/I/61YH5oMl4GL.jpg,,
B0DDM16QJ5,"W7-Sports-Band-(Pink,",W7-Ultra-Marine-Sports,no,COLOR,Pink,,,yes,,WATCH_BAND,"Meyaar Marine Band For Galaxy Watch Ultra (2024/2025) 47mm , One Click Attachment Replacement Strap Compatible with Samsung galaxy watch ultra 47mm band (Pink)",https://m.media-amazon.com/images/I/41wTkEZNtBL.jpg,,
B0DDM3NGDC,"W7-Sports-Band-(BLU,",W7-Ultra-Marine-Sports,no,COLOR,Blue,,,yes,,WATCH_BAND,"Meyaar Bands Compatible with Samsung Galaxy Watch Ultra 47mm (2024 & 2025), Rugged Ocean Strap, Waterproof Breathable Silicone Sport Band for Men & Women (Blue)",https://m.media-amazon.com/images/I/71b2Hkth1RL.jpg,,
B0DDM4KRCF,"W7-Sports-Band-(White,",W7-Ultra-Marine-Sports,no,COLOR,White,,,yes,,WATCH_BAND,"Meyaar Bands Compatible with Samsung Galaxy Watch Ultra 47mm (2024 & 2025), Rugged Ocean Strap, Waterproof Breathable Silicone Sport Band for Men & Women (White)",https://m.media-amazon.com/images/I/61WIlN9ODIL.jpg,,
B0DDM893JP,"W7-Sports-Band-(Sand,",W7-Ultra-Marine-Sports,no,COLOR,Starlight,,,yes,,WATCH_BAND,"Meyaar Bands Compatible with Samsung Galaxy Watch Ultra 47mm (2024 & 2025), Rugged Ocean Strap, Waterproof Breathable Silicone Sport Band for Men & Women (Starlight)",https://m.media-amazon.com/images/I/612m9TF00rL.jpg,,
B0DDMBWYJ4,W7-Sport_(Pink+Wine,RO-Q9XY-J4LF,no,COLOR,Pink/Burgundy,,,yes,,WATCH_BAND,"Meyaar 2-Pack Ocean Silicone Sport Bands For Samsung Galaxy Watch Ultra 47MM Band, Adjustable Breathable Soft Waterproof Strap For Galaxy Watch 7 Ultra (Pink/Burgundy)",https://m.media-amazon.com/images/I/616c8MG7pDL.jpg,,
B0DDMG5K4T,"W7-Sports-Band-(BLK,",W7-Ultra-Marine-Sports,no,COLOR,Black,,,yes,,WATCH_BAND,"Meyaar Marine Band For Galaxy Watch Ultra (2024/2025) 47mm , One Click Attachment Replacement Strap Compatible with Samsung galaxy watch ultra 47mm band (Black)",https://m.media-amazon.com/images/I/61qy3bKPfjL.jpg,,
B0DDMGV7K2,"W7-Sports-Band-(Orng,",W7-Ultra-Marine-Sports,no,COLOR,Orange,,,yes,,WATCH_BAND,"Meyaar Marine Band For Galaxy Watch Ultra (2024/2025) 47mm , One Click Attachment Replacement Strap Compatible with Samsung galaxy watch ultra 47mm band (Orange)",https://m.media-amazon.com/images/I/71sRfDwH74L.jpg,,
B0DDMKT4BP,"W7-Sports-Band-(Wine,",W7-Ultra-Marine-Sports,no,COLOR,Burgundy,,,yes,,WATCH_BAND,"Meyaar Bands Compatible with Samsung Galaxy Watch Ultra 47mm (2024 & 2025), Rugged Ocean Strap, Waterproof Breathable Silicone Sport Band for Men & Women (Burgundy)",https://m.media-amazon.com/images/I/51koHmKErfL.jpg,,
B0DDML1TVQ,"W7-Sports-Band-(Night,",W7-Ultra-Marine-Sports,no,COLOR,Dark Grey,,,yes,,WATCH_BAND,"Meyaar Bands Compatible with Samsung Galaxy Watch Ultra 47mm (2024 & 2025), Rugged Ocean Strap, Waterproof Breathable Silicone Sport Band for Men & Women (Dark Grey)",https://m.media-amazon.com/images/I/515BfdlghzL.jpg,,
B0DDQVD942,47mm-Hard-Case-(BLK,47mm-Watch_Case,no,COLOR,Black,,,yes,,SCREEN_PROTECTOR,"Meyaar Hard Case for Galaxy Watch Ultra Screen Protector, Tempered Glass Face Cover for Samsung Watch Ultra 47mm, Reliable Case Compatible with Samsung Galaxy Watch Ultra 47mm (Black)",https://m.media-amazon.com/images/I/515xmxfjXuL.jpg,,
B0DDR6THZY,47mm-Hard-Case-(BLU,47mm-Watch_Case,no,COLOR,Blue,,,yes,,SCREEN_PROTECTOR,"Meyaar Hard Case for Galaxy Watch Ultra Screen Protector, Tempered Glass Face Cover for Samsung Watch Ultra 47mm, Reliable Case Compatible with Samsung Galaxy Watch Ultra 47mm (Blue)",https://m.media-amazon.com/images/I/61aqMQiDNtL.jpg,,
B0DDR96P8S,47mm-Hard-Case-(Slvr,47mm-Watch_Case,no,COLOR,Silver,,,yes,,SCREEN_PROTECTOR,"Meyaar Hard Case for Galaxy Watch Ultra Screen Protector, Tempered Glass Face Cover for Samsung Watch Ultra 47mm, Reliable Case Compatible with Samsung Galaxy Watch Ultra 47mm (Silver)",https://m.media-amazon.com/images/I/71legoPaJWL.jpg,,
B0DDRF5Z8P,47mm-Bum(BLK)+Tmpred,6K-NDO8-MPBH,no,COLOR,Black,,,yes,,SCREEN_PROTECTOR,"Meyaar Hard Case for for Samsung Galaxy Watch 7 Ultra Screen Protector Case 47mm, Hard PC Bumper Cover with Anti-Fog Tempered Glass Glass Screen Protector for Galaxy Watch 7 Accessories (Black)",https://m.media-amazon.com/images/I/71ltdb97uuL.jpg,,
B0DFD3X98M,47mm-Bum(BLK)+Tmpred.,TG+Bumper,no,COLOR,Black,,,yes,,SCREEN_PROTECTOR,Meyaar Hard Case Designed for Samsung Galaxy Watch Ultra Case Durable TPU Case for Galaxy Watch Ultra 47mm (2024) With Tempered Glass for Galaxy Watch 7 Ultra 47mm Accessories (Black),https://m.media-amazon.com/images/I/71jxf+omsTL.jpg,,
B0DFD4GQRP,47mm-Bum(Clear)+Tmpred,TG+Bumper,no,COLOR,Clear,,,yes,,SCREEN_PROTECTOR,Meyaar Hard Case Designed for Samsung Galaxy Watch Ultra Case Durable TPU Case for Galaxy Watch Ultra 47mm (2024) With Tempered Glass for Galaxy Watch 7 Ultra 47mm Accessories (Clear),https://m.media-amazon.com/images/I/714Khiq2FeL.jpg,,
B0DFD4T5H5,W7-Ultra-Nylon-(Green.,E6-DY4E-HD86,no,COLOR,Army Green,,,yes,,WATCH_BAND,"Meyaar Nylon Loop Compatible With Samsung Galaxy Watch Ultra Bands Women Men, Adjustable Breathable Sport Nylon Strap With PC Hooks Wristband for Samsung Galaxy Watch 7 Ultra 47mm (Army Green)",https://m.media-amazon.com/images/I/51MWn49NeEL.jpg,,
B0DFD661VJ,E8-K05G-ZGJ4,ZP-XCWI-SJER,no,COLOR,Dark Grey,,,yes,yes,WATCH_BAND,"Meyaar Trail Loop Compatible with Samsung Galaxy Watch Ultra 47mm (2025/2024), Breathable Elastic Trail Loop Nylon Sport Band Adjustable Replacement Wristbands for Galaxy Watch Ultra 2025/2024 (Dark Grey)",https://m.media-amazon.com/images/I/61dM4RWUB0L.jpg,,
B0DFDGNYVG,W7-Sport_(BLU+BLK,RO-Q9XY-J4LF,no,COLOR,Blue/Black,,,yes,,WATCH_BAND,"Meyaar 2-Pack Ocean Silicone Sport Bands For Samsung Galaxy Watch Ultra 47MM Band, Adjustable Breathable Soft Waterproof Strap For Galaxy Watch 7 Ultra (Blue/Black)",https://m.media-amazon.com/images/I/61jyCxdkN9L.jpg,,
B0DFDRDB1M,W7-Sprt(Pnk+Snd+Wht+Blk,RO-Q9XY-J4LF,no,COLOR,Pink/Starlight/White/Black,,,yes,,WATCH_BAND,"Meyaar 4-Pack Ocean Silicone Sport Bands For Samsung Galaxy Watch Ultra 47MM Band, Adjustable Breathable Soft Waterproof Strap For Galaxy Watch 7 Ultra (Pink/Starlight/White/Black)",https://m.media-amazon.com/images/I/61oWUUj2OvL.jpg,,
B0DFDSBDPX,W7-Sport_(Orng+BLK,RO-Q9XY-J4LF,no,COLOR,Orange/Black,,,yes,,WATCH_BAND,"Meyaar 2-Pack Ocean Silicone Sport Bands For Samsung Galaxy Watch Ultra 47MM Band, Adjustable Breathable Soft Waterproof Strap For Galaxy Watch 7 Ultra (Orange/Black)",https://m.media-amazon.com/images/I/613ybDL7vmL.jpg,,
B0DFDSGDLH,W4-07-Silicone-Sand,RT-7NBO-9JAO,no,COLOR,Starlight,,,yes,,WATCH_BAND,"Meyaar No Gap Strap Compatible with Samsung Galaxy Watch 7 6 5 4 Bands 44mm 40mm/Galaxy Watch 6 Classic 47mm 43mm/Watch 5 Pro 45mm/Watch 4 Classic 46mm 42mm, Silicone Replacement Sport Loop (Starlight)",https://m.media-amazon.com/images/I/41CQ8uNaMrL.jpg,,
B0DFDT56XD,W7-Sprt(Snd+Nigt+Blu+Grn,RO-Q9XY-J4LF,no,COLOR,Starlight/Dark Grey/Midnight Blue/Army Green,,,yes,,WATCH_BAND,"Meyaar 4-Pack Ocean Silicone Sport Bands For Samsung Galaxy Watch Ultra 47MM Band, Adjustable Breathable Soft Waterproof Strap For Galaxy Watch 7 Ultra (Starlight/Dark Grey/Midnight Blue/Army Green)",https://m.media-amazon.com/images/I/61LalOld2bL.jpg,,
B0DFDTTG7G,47mm-Bum(Clear)+Tmpred.,6K-NDO8-MPBH,no,COLOR,Clear,,,yes,,SCREEN_PROTECTOR,"Meyaar Hard Case for for Samsung Galaxy Watch 7 Ultra Screen Protector Case 47mm, Hard PC Bumper Cover with Anti-Fog Tempered Glass Glass Screen Protector for Galaxy Watch 7 Accessories (Clear)",https://m.media-amazon.com/images/I/71JxJK+maOL.jpg,,
B0DFDTV3FM,W7-Sprt(Orng+BLU+Grn+Snd,RO-Q9XY-J4LF,no,COLOR,Orange/Midnight Blue/Army Green/Starlight,,,yes,,WATCH_BAND,"Meyaar 4-Pack Ocean Silicone Sport Bands For Samsung Galaxy Watch Ultra 47MM Band, Adjustable Breathable Soft Waterproof Strap For Galaxy Watch 7 Ultra (Orange/Midnight Blue/Army Green/Starlight)",https://m.media-amazon.com/images/I/615+GHeZVkL.jpg,,
B0DFDWGLYW,W4-07-Silicone-Green,RT-7NBO-9JAO,no,COLOR,Green,,,yes,,WATCH_BAND,"Meyaar Meyaar No Gap Strap Compatible with Samsung Galaxy Watch 7 6 5 4 Bands 44mm 40mm/Galaxy Watch 6 Classic 47mm 43mm/Watch 5 Pro 45mm/Watch 4 Classic 46mm 42mm, Silicone Replacement Sport Loop (Green)",https://m.media-amazon.com/images/I/416yvLYB3KL.jpg,,
B0DFDWSF8D,Waist-Bag-3Zip-(Blk_,67-7OSU-W8XD,no,COLOR,Black,,,yes,,WAIST_PACK,"Meyaar Waist Bags for Men Women- Premium Stitching, Branded 3 Zippers Waterproof Pocket, RFID Safe- Large Fanny Pack for Hiking Travel, Money Belt (Black)",https://m.media-amazon.com/images/I/31BHmTBu3PL.jpg,,
B0DFDXKTCV,W4-07-Silicone-Pink,RT-7NBO-9JAO,no,COLOR,Pink,,,yes,,WATCH_BAND,"Meyaar No Gap Strap Compatible with Samsung Galaxy Watch 7 6 5 4 Bands 44mm 40mm/Galaxy Watch 6 Classic 47mm 43mm/Watch 5 Pro 45mm/Watch 4 Classic 46mm 42mm, Silicone Replacement Sport Loop (Pink)",https://m.media-amazon.com/images/I/41QNfzRcBZL.jpg,,
B0DFDXZP13,W4-07-Silicone-Blk,RT-7NBO-9JAO,no,COLOR,Black,,,yes,,WATCH_BAND,"Meyaar No Gap Strap Compatible with Samsung Galaxy Watch 7 6 5 4 Bands 44mm 40mm/Galaxy Watch 6 Classic 47mm 43mm/Watch 5 Pro 45mm/Watch 4 Classic 46mm 42mm, Silicone Replacement Sport Loop (Black)",https://m.media-amazon.com/images/I/41YPjZqsNVL.jpg,,
B0DFDZCF2P,W7Ultra-Mgntc-Strp-(BLK.,W7-Ultra-Chain1/,no,COLOR,Black,,,yes,,WATCH_BAND,"Meyaar Compatible with Galaxy Watch Ultra Bands 47mm (2024) for Women Men, Magnetic Metal Chain Loop Adjustable Strap Replacement for Samsung Galaxy Watch 7 Ultra 47 mm Only (Black)",https://m.media-amazon.com/images/I/7192+NeLpqL.jpg,,
B0DFF1RFW6,W7-Sport_(Green+BLK,RO-Q9XY-J4LF,no,COLOR,Army Green/Black,,,yes,,WATCH_BAND,"Meyaar 2-Pack Ocean Silicone Sport Bands For Samsung Galaxy Watch Ultra 47MM Band, Adjustable Breathable Soft Waterproof Strap For Galaxy Watch 7 Ultra (Army Green/Black)",https://m.media-amazon.com/images/I/617LFlCiAJL.jpg,,
B0DFF4H369,W4-07-Silicone-Blue,RT-7NBO-9JAO,no,COLOR,Midnight Blue,,,yes,,WATCH_BAND,"Meyaar No Gap Strap Compatible with Samsung Galaxy Watch 7 6 5 4 Bands 44mm 40mm/Galaxy Watch 6 Classic 47mm 43mm/Watch 5 Pro 45mm/Watch 4 Classic 46mm 42mm, Silicone Replacement Sport Loop (Midnight Blue)",https://m.media-amazon.com/images/I/413rWtEjmCL.jpg,,
B0DFF5891J,W4-07-Silicone-Orng,RT-7NBO-9JAO,no,COLOR,Orange,,,yes,,WATCH_BAND,"Meyaar No Gap Strap Compatible with Samsung Galaxy Watch 7 6 5 4 Bands 44mm 40mm/Galaxy Watch 6 Classic 47mm 43mm/Watch 5 Pro 45mm/Watch 4 Classic 46mm 42mm, Silicone Replacement Sport Loop (Orange)",https://m.media-amazon.com/images/I/41A4P09kCJL.jpg,,
B0DG59DX2L,W7-Chain-BLK+Clear-WC,W7-Chain-All,no,COLOR,Silver With Clear Case,,,yes,yes,WATCH_BAND,"Meyaar 2 Pack Compatible with Galaxy Watch Ultra Bands 47mm(2024) for Women Men, Metal Mesh Magnetic Loop Adjustable Strap Replacement for Samsung Galaxy Watch 7 Ultra 47 mm Only (Silver With Clear Case)",https://m.media-amazon.com/images/I/81FHiXqdGjL.jpg,,
B0DG5B476F,W7-Chain-BLK+WC-BLK,W7-Chain-All,no,COLOR,Black With Black Case,,,yes,,WATCH_BAND,"Meyaar 2 Pack Compatible with Galaxy Watch Ultra Bands 47mm(2024) for Women Men, Metal Mesh Magnetic Loop Adjustable Strap Replacement for Samsung Galaxy Watch 7 Ultra 47 mm Only (Black With Black Case)",https://m.media-amazon.com/images/I/71a2QNI9QWL.jpg,,
B0DG5CRGY6,W7Ultra-Mgntc-Strp-(San,W7-Chain-All,no,COLOR,Starlight,,,yes,,WATCH_BAND,"Meyaar Compatible with Galaxy Watch Ultra Bands 47mm(2024) for Women Men, Metal Mesh Magnetic Loop Adjustable Strap Replacement for Samsung Galaxy Watch 7 Ultra 47 mm Only (Starlight)",https://m.media-amazon.com/images/I/71ywMyFJLtL.jpg,,
B0DG5DFHWQ,W7Ultra-Mgntc-Strp-(Pnk,W7-Chain-All,no,COLOR,Pink,,,yes,,WATCH_BAND,"Meyaar Compatible with Galaxy Watch Ultra Bands 47mm(2024) for Women Men, Metal Mesh Magnetic Loop Adjustable Strap Replacement for Samsung Galaxy Watch 7 Ultra 47 mm Only (Pink)",https://m.media-amazon.com/images/I/71lLwGBSc5L.jpg,,
B0DG5F3VTR,W7Ultra-Mgntc-Strp-(SLVR],W7-Chain-All,no,COLOR,Silver,,,yes,,WATCH_BAND,"Meyaar Compatible with Galaxy Watch Ultra Bands 47mm(2024) for Women Men, Metal Mesh Magnetic Loop Adjustable Strap Replacement for Samsung Galaxy Watch 7 Ultra 47 mm Only (Silver)",https://m.media-amazon.com/images/I/715H+SJNnbL.jpg,,
B0DG5FLP7F,W7Ultra-Mgntc-Strp-(Gol,W7-Chain-All,no,COLOR,Gold,,,yes,,WATCH_BAND,"Meyaar Compatible with Galaxy Watch Ultra Bands 47mm(2024) for Women Men, Metal Mesh Magnetic Loop Adjustable Strap Replacement for Samsung Galaxy Watch 7 Ultra 47 mm Only (Gold)",https://m.media-amazon.com/images/I/81bttCfTBaL.jpg,,
B0DG8ZY9BV,Stand-SC-Close-Eye,QQ-J2JN-BQ2X,no,COLOR,Shin_chan-Close Eye,,,yes,,TOY_FIGURE,Meyaar Action Figure Mobile Holder Size -5.8 inch X 2.6 inch | Medium Size | Figurine Cartoon Figures Toys for Boys & Girls PVC Super Stable Phone Holder for Phones and Tablets. (Shin_chan-Close Eye),https://m.media-amazon.com/images/I/518oBu75XqL.jpg,,
B0DG9161J4,Stand-SC-Red,QQ-J2JN-BQ2X,no,COLOR,Shin_chan-Red,,,yes,,TOY_FIGURE,Meyaar Shin Chan Action Figure Mobile Holder for Phones and Tablets | Size 5.8 inch x 2.6 inch | Medium Size | Figurine Cartoon Toy for Boys & Girls | PVC Super Stable Phone Holder | Red,https://m.media-amazon.com/images/I/61nlY4EYRCL.jpg,,
B0DG91P4BZ,Stand-SC-Blue,QQ-J2JN-BQ2X,no,COLOR,Shin_chan-Blue,,,yes,,TOY_FIGURE,Meyaar Action Figure Mobile Holder Size -5.8 inch X 2.6 inch | Medium Size | Figurine Cartoon Figures Toys for Boys & Girls PVC Super Stable Phone Holder for Phones and Tablets. (Shin_chan-Blue),https://m.media-amazon.com/images/I/51kHiu5y7GL.jpg,,
B0DG92KB73,Stand-Panda,QQ-J2JN-BQ2X,no,COLOR,Pand_a,,,yes,,TOY_FIGURE,Meyaar Action Figure Mobile Holder Size -5.8 inch X 2.6 inch | Medium Size | Figurine Cartoon Figures Toys for Boys & Girls PVC Super Stable Phone Holder for Phones and Tablets. (Pand_a),https://m.media-amazon.com/images/I/515vniG3ZeL.jpg,,
B0DG93NTR8,Stand-SC-Open-Eye,QQ-J2JN-BQ2X,no,COLOR,Shin_chan-Open Eye,,,yes,,TOY_FIGURE,Meyaar Action Figure Mobile Holder Size -5.8 inch X 2.6 inch | Medium Size | Figurine Cartoon Figures Toys for Boys & Girls PVC Super Stable Phone Holder for Phones and Tablets. (Shin_chan-Open Eye),https://m.media-amazon.com/images/I/41iRzEIZCkL.jpg,,
B0DG9SMP4R,42mm-iwX-Case-Clear,Series-10--Case,no,COLOR/SIZE,Clear,42MM,,yes,,PORTABLE_ELECTRONIC_DEVICE_COVER,"Meyaar 1 Pack Compatible with Apple Watch Series 10 (46mm/42mm) Screen Protector Case, Hard PC Ultra-Thin Full Shockproof Cover for Apple Watch 10 (46mm/42mm) Accessories (Clear, 42mm)",https://m.media-amazon.com/images/I/71UE+6MHSQL.jpg,,
B0DG9WNG73,W7ultra-Alpine-Blk,YZ-2MP3-H1HY,no,COLOR,Black,,,yes,,WATCH_BAND,"Meyaar Alpine Loop Nylon Band - Compatible with Samsung Galaxy Watch 7 Ultra 47mm Band,Sport Wristband for Samsung Watch 7 Ultra For Men And Women (Black)",https://m.media-amazon.com/images/I/51yrm5w+pgL.jpg,,
B0DG9Z1Z3L,W7Ultra-Alpine-Sand,YZ-2MP3-H1HY,no,COLOR,Starlight,,,yes,,WATCH_BAND,"Meyaar Alpine Loop Nylon Band - Compatible with Samsung Galaxy Watch 7 Ultra 47mm Band,Sport Wristband for Samsung Watch 7 Ultra For Men And Women (Starlight)",https://m.media-amazon.com/images/I/61L6x4Lig4L.jpg,,
B0DG9ZCSTQ,W7ultra-Alpine-Green,YZ-2MP3-H1HY,no,COLOR,Green,,,yes,,WATCH_BAND,"Meyaar Alpine Loop Nylon Band - Compatible with Samsung Galaxy Watch 7 Ultra 47mm Band,Sport Wristband for Samsung Watch 7 Ultra For Men And Women (Green)",https://m.media-amazon.com/images/I/61L8WRkqqtL.jpg,,
B0DG9ZXC1F,W7Ultra-Alpine-Orng,YZ-2MP3-H1HY,no,COLOR,Orange,,,yes,,WATCH_BAND,"Meyaar Alpine Loop Nylon Band - Compatible with Samsung Galaxy Watch 7 Ultra 47mm Band,Sport Wristband for Samsung Watch 7 Ultra For Men And Women (Orange)",https://m.media-amazon.com/images/I/61lzkzXYIvL.jpg,,
B0DG9ZY41D,W7Ultra-Alpine-Grey,YZ-2MP3-H1HY,no,COLOR,Grey,,,yes,,WATCH_BAND,"Meyaar Alpine Loop Nylon Band - Compatible with Samsung Galaxy Watch 7 Ultra 47mm Band,Sport Wristband for Samsung Watch 7 Ultra For Men And Women (Grey)",https://m.media-amazon.com/images/I/51nBMuzbT2L.jpg,,
B0DGB42SJ1,46mm-iwX-Case-Clear,Series-10--Case,no,COLOR/SIZE,Clear,46MM,,yes,,PORTABLE_ELECTRONIC_DEVICE_COVER,"Meyaar 1 Pack Compatible with Apple Watch Series 10 (46mm/42mm) Screen Protector Case, Hard PC Ultra-Thin Full Shockproof Cover for Apple Watch 10 (46mm/42mm) Accessories (Clear, 46mm)",https://m.media-amazon.com/images/I/71UE+6MHSQL.jpg,,
B0DGB6M1QY,42mm-iwX-Case-BLK,Series-10--Case,no,COLOR/SIZE,Black,42MM,,yes,,PORTABLE_ELECTRONIC_DEVICE_COVER,"Meyaar 1 Pack Compatible with Apple Watch Series 10 (46mm/42mm) Screen Protector Case, Hard PC Ultra-Thin Full Shockproof Cover for Apple Watch 10 (46mm/42mm) Accessories (Black, 42mm)",https://m.media-amazon.com/images/I/71RJYJ6Q+9L.jpg,,
B0DGB844R8,46mm-iwX-Case-BLK,,no,,,,,yes,,PORTABLE_ELECTRONIC_DEVICE_COVER,"Meyaar 1 Pack Compatible with Apple Watch Series 10 Screen Protector Case 46 mm, Hard PC Ultra-Thin Full Shockproof Cover for Apple Watch 10 46 mm Accessories (Black, 46MM)",https://m.media-amazon.com/images/I/71RJYJ6Q+9L.jpg,,
B0DGPMP667,W4-07-Silicone-Sand.,4G-J3CP-ZXFH,no,COLOR,New Silicone-Starlight,,,yes,,WATCH_BAND,"Meyaar No Gap Strap Compatible with Samsung Galaxy Watch 7 6 5 4 Bands 44mm 40mm/Galaxy Watch 6 Classic 47mm 43mm/Watch 5 Pro 45mm/Watch 4 Classic 46mm 42mm, Replacement Bands (New Silicone-Starlight)",https://m.media-amazon.com/images/I/41CQ8uNaMrL.jpg,,
B0DGPVFBYZ,W4-07-Silicone-Pink.,4G-J3CP-ZXFH,no,COLOR,New Silicone-Pink,,,yes,,WATCH_BAND,"Meyaar No Gap Strap Compatible with Samsung Galaxy Watch 7 6 5 4 Bands 44mm 40mm/Galaxy Watch 6 Classic 47mm 43mm/Watch 5 Pro 45mm/Watch 4 Classic 46mm 42mm, Replacement Bands (New Silicone-Pink)",https://m.media-amazon.com/images/I/41QNfzRcBZL.jpg,,
B0DGPWHYLG,W4-07-Silicone-Green.,4G-J3CP-ZXFH,no,COLOR,New Silicone-Green,,,yes,,WATCH_BAND,"Meyaar No Gap Strap Compatible with Samsung Galaxy Watch 7 6 5 4 Bands 44mm 40mm/Galaxy Watch 6 Classic 47mm 43mm/Watch 5 Pro 45mm/Watch 4 Classic 46mm 42mm, Replacement Bands (New Silicone-Green)",https://m.media-amazon.com/images/I/416yvLYB3KL.jpg,,
B0DGQ1C2CZ,W4-07-Silicone-Blue.,4G-J3CP-ZXFH,no,COLOR,New Silicone-Blue,,,yes,,WATCH_BAND,"Meyaar No Gap Strap Compatible with Samsung Galaxy Watch 7 6 5 4 Bands 44mm 40mm/Galaxy Watch 6 Classic 47mm 43mm/Watch 5 Pro 45mm/Watch 4 Classic 46mm 42mm, Replacement Bands (New Silicone-Blue)",https://m.media-amazon.com/images/I/413rWtEjmCL.jpg,,
B0DGQ31VGR,W4-07-Silicone-Orng.,4G-J3CP-ZXFH,no,COLOR,New Silicone-Orange,,,yes,,WATCH_BAND,"Meyaar No Gap Strap Compatible with Samsung Galaxy Watch 7 6 5 4 Bands 44mm 40mm/Galaxy Watch 6 Classic 47mm 43mm/Watch 5 Pro 45mm/Watch 4 Classic 46mm 42mm, Replacement Bands (New Silicone-Orange)",https://m.media-amazon.com/images/I/41A4P09kCJL.jpg,,
B0DGZQBKGB,W7U-Steel+Bum-(BLk,DL-CJN8-D4Y0,no,COLOR,Black With Black Bumper Case,,,yes,,WATCH_BAND,"Meyaar Solid Stainless Steel Band Compatible Samsung Galaxy Watch Ultra 47mm(2024) with PC Bumper Case, Replacement Link Business Executive Strap (Black With Black Bumper Case)",https://m.media-amazon.com/images/I/61sBO6kmWnL.jpg,,
B0DH2BHR2K,W7U-Steel+Bum-(BLk+SLVR,DL-CJN8-D4Y0,no,COLOR,Black & Silver With 2 Case,,,yes,,WATCH_BAND,"Meyaar Solid Stainless Steel Band Compatible Samsung Galaxy Watch Ultra 47mm(2024) with PC Bumper Case, Replacement Link Business Executive Strap (Black & Silver With 2 Case)",https://m.media-amazon.com/images/I/61AP5KxwJnL.jpg,,
B0DH2D2NKR,W7U-Steel+Bum-(Silver,DL-CJN8-D4Y0,no,COLOR,Silver With Silver Bumper Case,,,yes,,WATCH_BAND,"Meyaar Solid Stainless Steel Band Compatible Samsung Galaxy Watch Ultra 47mm(2024) with PC Bumper Case, Replacement Link Business Executive Strap (Silver With Silver Bumper Case)",https://m.media-amazon.com/images/I/61fmeH31ahL.jpg,,
B0DH2Q2QRV,Glxy-C-44mm-(BLK..,PX-02D8-C49G,no,COLOR,For Galaxy Watch 6 44mm,,,yes,,SCREEN_PROTECTOR,Meyaar Change To Ultra Case for Samsung Galaxy Watch 6 44mm Upgrade To Galaxy Watch Ultra Tempered Glass Face Cover for Galaxy Watch 6 44mm Case (For Galaxy Watch 6 44mm),https://m.media-amazon.com/images/I/61KGSoVBe4L.jpg,,
B0DH2S5D97,Glxy-C-44mm-(BLK.,PX-02D8-C49G,no,COLOR,For Galaxy Watch 5 44mm,,,yes,,SCREEN_PROTECTOR,Meyaar Change To Ultra Case for Samsung Galaxy Watch 4/5/6/7 44mm Upgrade To Galaxy Watch Ultra 47mm Tempered Glass Face Cover for Galaxy Watch 4 5 6 7 44mm Case (For Galaxy Watch 5 44mm),https://m.media-amazon.com/images/I/61KGSoVBe4L.jpg,,
B0DH2SV8HW,"Glxy-C-44mm-(BLK,",PX-02D8-C49G,no,COLOR,For Galaxy Watch 4 44mm,,,yes,,SCREEN_PROTECTOR,Meyaar Change To Ultra Case for Samsung Galaxy Watch 4/5/6/7 44mm Upgrade To Galaxy Watch Ultra 47mm Tempered Glass Face Cover for Galaxy Watch 4 5 6 7 44mm Case (For Galaxy Watch 4 44mm),https://m.media-amazon.com/images/I/61KGSoVBe4L.jpg,,
B0DH2SX33Z,Glxy-C-44mm-(BLK),PX-02D8-C49G,no,COLOR,For Galaxy Watch 7 44mm,,,yes,,SCREEN_PROTECTOR,Meyaar Change To Ultra Case for Samsung Galaxy Watch 7 44mm Upgrade To Galaxy Watch Ultra 47mm Tempered Glass Face Cover for Galaxy Watch 7 44mm Case (For Galaxy Watch 7 44mm),https://m.media-amazon.com/images/I/61KGSoVBe4L.jpg,,
B0DH3WPP1H,49mm-Ultra-Case-(Blk,iw-Case-TG,no,COLOR/SIZE,Black,For Series Ultra/Ultra 2 49mm,,yes,,SCREEN_PROTECTOR,"Meyaar Hard PC Case Cover for Apple Watch Ultra 2 / Apple Watch Ultra with Tempered Glass Screen Protector, Protective Cover for 49mm (Black, For Series Ultra/Ultra 2 49mm)",https://m.media-amazon.com/images/I/61XJSdcAgmL.jpg,,
B0DH3X7B8M,46mm-iwX-Case-Clear.,iw-Case-TG,no,COLOR/SIZE,Clear,For Series 10 46mm,,yes,,SCREEN_PROTECTOR,"Meyaar Hard PC Case Compatible with Apple Watch Series 10 Cover 46mm, with Tempered Glass Screen Protector, Protective Cover for Apple Watch Series 10 Screen Protector 46mm (Clear, For Series 10 46mm)",https://m.media-amazon.com/images/I/71r2sY+q06L.jpg,,
B0DH3XGWT1,iw7_(45-mm)-(Clear,iw-Case-TG,no,COLOR/SIZE,Clear,For Series 7/8/9 45mm,,yes,,SCREEN_PROTECTOR,"Meyaar Hard PC Case Compatible with Apple Watch Series 10 9 8 7 Ultra 2, with Tempered Glass Screen Protector, Protective Cover for 41mm 42mm 45mm 46mm 49mm (Clear, For Series 7/8 45mm)",https://m.media-amazon.com/images/I/71C6yxs+u8L.jpg,,
B0DH3XXYCJ,iw7-45mm-(Black,iw-Case-TG,no,COLOR/SIZE,Black,For Series 7/8/9 45mm,,yes,,SCREEN_PROTECTOR,"Meyaar Hard PC Case Compatible with Apple Watch Series 10 9 8 7 Ultra 2, with Tempered Glass Screen Protector, Protective Cover for 41mm 42mm 45mm 46mm 49mm (Black, For Series 7/8 45mm)",https://m.media-amazon.com/images/I/71K7DmVV5fL.jpg,,
B0DH7TL2WY,42mm-iwX-Case-Clear/,5G-XF1J-QL4X,no,COLOR/SIZE,Clear,42mm (Series 10),,yes,,SCREEN_PROTECTOR,"Meyaar Hard PC Screen Protector Compatible with Apple Watch Series 10 (42mm), Ultra-Thin Scratch Resistant Overall Protective Case Cover for iWatch 10 (42mm) (Clear, 42mm (Series 10))",https://m.media-amazon.com/images/I/71r2sY+q06L.jpg,,
B0DH8JGL54,iw7_(41mm)-(Clear-2Q,2PACK-Apple-WC,no,COLOR/SIZE,Clear,41mm,,yes,,SCREEN_PROTECTOR,"Meyaar 2 Pack Hard Case for Apple Watch Series Screen Protector, Tempered Glass Bumper Anti-Scratch HD Ultra-Thin Protective Face Cover for iWatch Series (Clear, 41mm)",https://m.media-amazon.com/images/I/71uaPuoODzL.jpg,,
B0DH8KK896,42mm-iwX-Case-Clr-2Q,2PACK-Apple-WC,no,COLOR/SIZE,Clear,42mm (Series 10),,yes,,SCREEN_PROTECTOR,"Meyaar 2 Pack Hard Case for Apple Watch Series 10 (42mm) Screen Protector, Tempered Glass Bumper Anti-Scratch HD Ultra-Thin Protective Face Cover for iWatch Series 10 (Clear, 42mm (Series 10))",https://m.media-amazon.com/images/I/71uaPuoODzL.jpg,,
B0DH8L19CX,iw7-45mm-(Black-2Q,2PACK-Apple-WC,no,COLOR/SIZE,Black,45mm,,yes,,SCREEN_PROTECTOR,"Meyaar 2 Pack Hard Case for Apple Watch Series Screen Protector, Tempered Glass Bumper Anti-Scratch HD Ultra-Thin Protective Face Cover for iWatch Series (Black, 45mm)",https://m.media-amazon.com/images/I/61jeVj3rByL.jpg,,
B0DH8L339H,iwX-42mm-BUM-Clear,ZK-N65D-98J3,no,COLOR/SIZE,Clear,42 MM,,yes,,PORTABLE_ELECTRONIC_DEVICE_COVER,"Meyaar Hard PC Bumper Case for Apple Watch Series 10,Ultra-Thin Protective Cover Frame [NO Screen Protector] for iWatch Series 10 (Clear, 42 MM)",https://m.media-amazon.com/images/I/61ppGoQt1cL.jpg,,
B0DH8L9CGM,49mm-Ultra-Case-(Clr-2Q,2PACK-Apple-WC,no,COLOR/SIZE,Clear,49mm (Ultra/Ultra 2),,yes,,SCREEN_PROTECTOR,"Meyaar 2 Pack Hard Case for Apple Watch Series Screen Protector, Tempered Glass Bumper Anti-Scratch HD Ultra-Thin Protective Face Cover for iWatch Series (Clear, 49mm (Ultra/Ultra 2))",https://m.media-amazon.com/images/I/71uaPuoODzL.jpg,,
B0DH8LJPCG,49mm-Ultra-Case-(Blk-2Q,2PACK-Apple-WC,no,COLOR/SIZE,Black,49mm (Ultra/Ultra 2),,yes,,SCREEN_PROTECTOR,"Meyaar 2 Pack Hard Case for Apple Watch Series Screen Protector, Tempered Glass Bumper Anti-Scratch HD Ultra-Thin Protective Face Cover for iWatch Series (Black, 49mm (Ultra/Ultra 2))",https://m.media-amazon.com/images/I/61fjQXPT96L.jpg,,
B0DH8MJJ95,42mm-iwX-Case-BLK-2Q,2PACK-Apple-WC,no,COLOR/SIZE,Black,42mm (Series 10),,yes,,SCREEN_PROTECTOR,"Meyaar 2 Pack Hard Case for Apple Watch Series 10 (42mm) Screen Protector, Tempered Glass Bumper Anti-Scratch HD Ultra-Thin Protective Face Cover for iWatch Series 10 (Black, 42mm (Series 10))",https://m.media-amazon.com/images/I/61jeVj3rByL.jpg,,
B0DH8MLQKF,iwX-42mm-BUM-BLK,ZK-N65D-98J3,no,COLOR/SIZE,Black,42 MM,,yes,,PORTABLE_ELECTRONIC_DEVICE_COVER,"Meyaar Hard PC Bumper Case for Apple Watch Series 10,Ultra-Thin Protective Cover Frame [NO Screen Protector] for iWatch Series 10 (Black, 42 MM)",https://m.media-amazon.com/images/I/61NE0wjmc6L.jpg,,
B0DH8MP8K9,46mm-iwX-Case-BLK-2Q,,no,,,,,yes,,PORTABLE_ELECTRONIC_DEVICE_COVER,"Meyaar 2 Pack Hard Case for Apple Watch Series 10 46mm Screen Protector, Tempered Glass Bumper Anti-Scratch HD Ultra-Thin Protective Face Cover for iWatch Series 10 (Black, 46 MM)",https://m.media-amazon.com/images/I/61jeVj3rByL.jpg,,
B0DH8MQPPR,iw7_(41mm)-(Black-2Q,2PACK-Apple-WC,no,COLOR/SIZE,Black,41mm,,yes,,SCREEN_PROTECTOR,"Meyaar 2 Pack Hard Case for Apple Watch Series Screen Protector, Tempered Glass Bumper Anti-Scratch HD Ultra-Thin Protective Face Cover for iWatch Series (Black, 41mm)",https://m.media-amazon.com/images/I/61jeVj3rByL.jpg,,
B0DH8N6CYV,46mm-iwX-Case-CLR-2Q,2PACK-Apple-WC,no,COLOR/SIZE,Clear,46mm (Series 10),,yes,,SCREEN_PROTECTOR,"Meyaar 2 Pack Hard Case for Apple Watch Series Screen Protector, Tempered Glass Bumper Anti-Scratch HD Ultra-Thin Protective Face Cover for iWatch Series (Clear, 46mm (Series 10))",https://m.media-amazon.com/images/I/71uaPuoODzL.jpg,,
B0DH8NFJWP,iwX-46mm-BUM-Clear,ZK-N65D-98J3,no,COLOR/SIZE,Clear,46 MM,,yes,,PORTABLE_ELECTRONIC_DEVICE_COVER,"Meyaar Hard PC Bumper Case for Apple Watch Series 10,Ultra-Thin Protective Cover Frame [NO Screen Protector] for iWatch Series 10 (Clear, 46 MM)",https://m.media-amazon.com/images/I/61ppGoQt1cL.jpg,,
B0DH8VZT9T,iw7_(45-mm)-(Clear-2Q,2PACK-Apple-WC,no,COLOR/SIZE,Clear,45mm,,yes,,SCREEN_PROTECTOR,"Meyaar 2 Pack Hard Case for Apple Watch Series Screen Protector, Tempered Glass Bumper Anti-Scratch HD Ultra-Thin Protective Face Cover for iWatch Series (Clear, 45mm)",https://m.media-amazon.com/images/I/71uaPuoODzL.jpg,,
B0DHD713SG,W7-Steel-(BS),47mm-Ultra-Steel.1,no,COLOR,"Silver, Black",,,yes,,WATCH_BAND,"Meyaar No Gap Metal Bands Compatible with Samsung Galaxy Watch Ultra Band 47mm 2024, Stainless Steel Metal Business Strap Wristband Compatible with Galaxy Watch 7 Ultra (Silver, Black)",https://m.media-amazon.com/images/I/51qU3C3JRTL.jpg,,
B0DHDGZSND,Buds3pro-plain-(Blk,O6-FJWS-VEWA,no,COLOR,Black,,,yes,,PORTABLE_ELECTRONIC_DEVICE_COVER,Meyaar Case Cover Compatible with Samsung Galaxy Buds 3 | Buds 3 Pro (Black),https://m.media-amazon.com/images/I/51hEtQduOFL.jpg,,
B0DHDH4LFS,Buds3pro-plain-(Blue,O6-FJWS-VEWA,no,COLOR,Dark Blue,,,yes,,PORTABLE_ELECTRONIC_DEVICE_COVER,Meyaar Case Cover Compatible with Samsung Galaxy Buds 3 | Buds 3 Pro (Dark Blue),https://m.media-amazon.com/images/I/51Gq6LULDfL.jpg,,
B0DHDHPKL5,Buds3pro-plain-(Pink,O6-FJWS-VEWA,no,COLOR,Pink,,,yes,,PORTABLE_ELECTRONIC_DEVICE_COVER,Meyaar Case Cover Compatible with Samsung Galaxy Buds 3 | Buds 3 Pro (Pink),https://m.media-amazon.com/images/I/61c3SJCAu0L.jpg,,
B0DHDL3LWD,Buds3pro-plain-(White,O6-FJWS-VEWA,no,COLOR,White,,,yes,,PORTABLE_ELECTRONIC_DEVICE_COVER,Meyaar Case Cover Compatible with Samsung Galaxy Buds 3 | Buds 3 Pro (White),https://m.media-amazon.com/images/I/51It8E03VlL.jpg,,
B0DHDZNV28,Buds3pro-plain-(S.Blu,O6-FJWS-VEWA,no,COLOR,Sky Blue,,,yes,,PORTABLE_ELECTRONIC_DEVICE_COVER,Meyaar Case Cover Compatible with Samsung Galaxy Buds 3 | Buds 3 Pro (Sky Blue),https://m.media-amazon.com/images/I/61ZsSmWxudL.jpg,,
B0DHF3Z325,Buds3pro-plain-(Grey,O6-FJWS-VEWA,no,COLOR,Grey,,,yes,,PORTABLE_ELECTRONIC_DEVICE_COVER,Meyaar Case Cover Compatible with Samsung Galaxy Buds 3 | Buds 3 Pro (Grey),https://m.media-amazon.com/images/I/61joYSG8aDL.jpg,,
B0DHPQ3MVL,46mm-iwX-Cse(BKL+Clr,2PACK-Apple-WC,no,COLOR/SIZE,Black + Clear,46mm (Series 10),,yes,,SCREEN_PROTECTOR,"Meyaar 2 Pack Hard Case for Apple Watch Series Screen Protector, Tempered Glass Bumper Anti-Scratch HD Ultra-Thin Protective Face Cover for iWatch Series (Black + Clear, 46mm (Series 10))",https://m.media-amazon.com/images/I/61+5JNT2plL.jpg,,
B0DHPQF2NR,42mm-Membrane-4Q,PQ-TZR5-XV4X,no,COLOR/SIZE,4 Pack,Series 10 (42mm),,yes,,SCREEN_PROTECTOR,"Meyaar Screen Protector Film For Apple Watch Series 10 46mm Soft TPU Hydrogel HD Clear Film for iWatch 10 46mm (4 Pack, Series 10 (42mm)",https://m.media-amazon.com/images/I/51NjrbpzMhL.jpg,,
B0DHPR4LDM,42mm-iwX-Cse(BKL+Clr,2PACK-Apple-WC,no,COLOR/SIZE,Black + Clear,42mm (Series 10),,yes,,SCREEN_PROTECTOR,"Meyaar 2 Pack Hard Case for Apple Watch Series 10 (42mm) Screen Protector, Tempered Glass Bumper Anti-Scratch HD Ultra-Thin Protective Face Cover for iWatch Series 10 (Black + Clear, 42mm (Series 10))",https://m.media-amazon.com/images/I/61+5JNT2plL.jpg,,
B0DHPRP9C5,46mm-Membrane-4Q,PQ-TZR5-XV4X,no,COLOR/SIZE,4 Pack,Series 10 (46mm),,yes,,SCREEN_PROTECTOR,"Meyaar Screen Protector Film For Apple Watch Series 10 46mm Soft TPU Hydrogel HD Clear Film for iWatch 10 46mm (4 Pack, Series 10 46mm)",https://m.media-amazon.com/images/I/51NjrbpzMhL.jpg,,
B0DHPTTRYH,46mm-Bum(BLK+Clr)+4-Film,ZK-N65D-98J3,no,COLOR/SIZE,2 Case+Screen Protector,46 MM,,yes,,PORTABLE_ELECTRONIC_DEVICE_COVER,"Meyaar 4+2 Pack Hard PC Bumper Case for Apple Watch Series 10/11 (46mm), 2 Ultra-Thin Protective Cover Frame With 4 Screen Protector Film for iWatch Series 11/10 (2 Case+ 4 Screen Protector, 46 MM)",https://m.media-amazon.com/images/I/71mUbyg6dnL.jpg,,
B0DHPVL8LV,42mm-Bum(BLK+Clr)+4-Film,ZK-N65D-98J3,no,COLOR/SIZE,2 Case+Screen Protector,42 MM,,yes,,PORTABLE_ELECTRONIC_DEVICE_COVER,"Meyaar 4+2 Pack Hard PC Bumper Case for Apple Watch Series 11/10 (42mm), 2 Ultra-Thin Protective Cover Frame With 4 Screen Protector Film for iWatch Series 11/10 (2 Case + 4 Screen Protector, 42 MM)",https://m.media-amazon.com/images/I/71mUbyg6dnL.jpg,,
B0DHW4LCXK,Ip13pro-CamCap-4Q,X4-9E5H-0AXM,no,COLOR/SIZE,4 Pack,For iPhone 13 Pro Max 6.7”/13 Pro 6.1”,,yes,,WATCH_BAND,"Meyaar 4 Pack Camera Lens Protector Designed for iPhone 13 Pro Max 6.7”/13 Pro 6.1” Screen Protector Tempered Glass Case Friendly Scratch-Resistant,Easy Installation,Clear+Black Circle(4 Pack, For iPhone 13 Pro Max 6.7”/13 Pro 6.1”)",https://m.media-amazon.com/images/I/41DMtsvHmIL.jpg,,
B0DHW6WLS6,Ip16pro-CamCap-4Q,X4-9E5H-0AXM,no,COLOR/SIZE,4 Pack,For iPhone16ProMax/16Pro/15ProMax/15Pro/14Pro.,,yes,,SCREEN_PROTECTOR,"Meyaar 4-Pack Camera Lens Protector for iPhone 16 Pro Max 6.9'' /16 Pro 6.3/15 Pro Max/ 14 Pro Max,iPhone 15 Pro/14 Pro 6.1'' Tempered Glass Camera lens Screen Protector Camera Cover Case Friendly (4 Pack, For iPhone16ProMax/16Pro/15ProMax/15Pro/14Pro.)",https://m.media-amazon.com/images/I/61etFATq9QL.jpg,,
B0DHW798X4,Ip16pro-CamCap-3Q,X4-9E5H-0AXM,no,COLOR/SIZE,3 Pack,For iPhone16ProMax/16Pro/15ProMax/15Pro/14Pro.,,yes,,WATCH_BAND,"Meyaar 3-Pack Camera Lens Protector for iPhone 16 Pro Max 6.9'' /16 Pro 6.3/15 Pro Max/ 14 Pro Max,iPhone 15 Pro/14 Pro 6.1'' Tempered Glass Camera lens Screen Protector Camera Cover Case Friendly (3 Pack, For iPhone16ProMax/16Pro/15ProMax/15Pro/14Pro.)",https://m.media-amazon.com/images/I/71INzzLrvQL.jpg,,
B0DHW7DNQF,Ip13-CamCap-3Q,X4-9E5H-0AXM,no,COLOR/SIZE,3 Pack,For iPhone 13 6.1''/13 Mini 5.4'',,yes,,SCREEN_PROTECTOR,"Meyaar 3 Pack Camera Lens Protector for iPhone 13 6.1''/13 Mini 5.4'' Tempered Glass Screen Protector (Not for iPhone 13 Pro), HD Clear Anti-Scratch Bubble Free(3 Pack, For iPhone 13 6.1''/13 Mini 5.4'')",https://m.media-amazon.com/images/I/71xBNHwDXFL.jpg,,
B0DHW7PFJ2,Ip13-CamCap-2Q,X4-9E5H-0AXM,no,COLOR/SIZE,2 Pack,For iPhone 13 6.1''/13 Mini 5.4'',,yes,,SCREEN_PROTECTOR,"Meyaar 2 Pack Camera Lens Protector for iPhone 13 6.1''/13 Mini 5.4'' Tempered Glass Screen Protector (Not for iPhone 13 Pro), HD Clear Anti-Scratch Bubble Free(2 Pack, For iPhone 13 6.1''/13 Mini 5.4'')",https://m.media-amazon.com/images/I/61dqWnxObzL.jpg,,
B0DHW7QWPH,Ip13-CamCap-4Q,X4-9E5H-0AXM,no,COLOR/SIZE,4 Pack,For iPhone 13 6.1''/13 Mini 5.4'',,yes,yes,SCREEN_PROTECTOR,"Meyaar 4 Pack Camera Lens Protector for iPhone 13 6.1''/13 Mini 5.4'' Tempered Glass Screen Protector (Not for iPhone 13 Pro), HD Clear Anti-Scratch Bubble Free(4 Pack, For iPhone 13 6.1''/13 Mini 5.4'')",https://m.media-amazon.com/images/I/41c+b2gPWEL.jpg,,
B0DHW7YYDW,Ip16pro-CamCap,X4-9E5H-0AXM,no,COLOR/SIZE,1 Pack,For iPhone16ProMax/16Pro/15ProMax/15Pro/14Pro.,,yes,,SCREEN_PROTECTOR,"Meyaar 1-Pack Camera Lens Protector for iPhone 16 Pro Max 6.9'' /16 Pro 6.3/15 Pro Max/ 14 Pro Max,iPhone 15 Pro/14 Pro 6.1'' Tempered Glass Camera lens Screen Protector Camera Cover Case Friendly (1 Pack, For iPhone16ProMax/16Pro/15ProMax/15Pro/14Pro.)",https://m.media-amazon.com/images/I/4128C6ym5vL.jpg,,
B0DHW83HS6,Ip16-CamCap-3Q,X4-9E5H-0AXM,no,COLOR/SIZE,3 Pack,"For iphone 16 6.1“/16 plus 6.7""",,yes,,WATCH_BAND,"Meyaar 3-Pack Camera Lens Protector for iPhone 16 6.1”/ iPhone 16 Plus 6.7” Screen Protector Tempered Glass[Case Friendly][New Rersion],Scratch-Resistant,Clear+Black Circle (3 Pack, For iphone 16 6.1“/16 plus 6.7"")",https://m.media-amazon.com/images/I/71A36D53zDL.jpg,,
B0DHW86PDL,Ip16-CamCap,X4-9E5H-0AXM,no,COLOR/SIZE,1 Pack,"For iphone 16 6.1“/16 plus 6.7""",,yes,,WATCH_BAND,"Meyaar 1-Pack Camera Lens Protector for iPhone 16 6.1”/ iPhone 16 Plus 6.7” Screen Protector Tempered Glass[Case Friendly][New Rersion],Scratch-Resistant,Clear+Black Circle (1 Pack, For iphone 16 6.1“/16 plus 6.7"")",https://m.media-amazon.com/images/I/31J-H+tUOXL.jpg,,
B0DHW8B37Z,Ip13pro-CamCap-3Q,X4-9E5H-0AXM,no,COLOR/SIZE,3 Pack,For iPhone 13 Pro Max 6.7”/13 Pro 6.1”,,yes,,WATCH_BAND,"Meyaar 3 Pack Camera Lens Protector Designed for iPhone 13 Pro Max 6.7”/13 Pro 6.1” Screen Protector Tempered Glass Case Friendly Scratch-Resistant,Easy Installation,Clear+Black Circle(3 Pack, For iPhone 13 Pro Max 6.7”/13 Pro 6.1”)",https://m.media-amazon.com/images/I/61gOM4QKJ+L.jpg,,
B0DHW8DKLH,Ip16-CamCap-2Q,X4-9E5H-0AXM,no,COLOR/SIZE,2 Pack,"For iphone 16 6.1“/16 plus 6.7""",,yes,,WATCH_BAND,"Meyaar 2-Pack Camera Lens Protector for iPhone 16 6.1”/ iPhone 16 Plus 6.7” Screen Protector Tempered Glass[Case Friendly][New Rersion],Scratch-Resistant,Clear+Black Circle (2 Pack, For iphone 16 6.1“/16 plus 6.7"")",https://m.media-amazon.com/images/I/61PlwztQAGL.jpg,,
B0DHW8KJQQ,Ip13pro-CamCap-2Q,X4-9E5H-0AXM,no,COLOR/SIZE,2 Pack,For iPhone 13 Pro Max 6.7”/13 Pro 6.1”,,yes,,WATCH_BAND,"Meyaar 2 Pack Camera Lens Protector Designed for iPhone 13 Pro Max 6.7”/13 Pro 6.1” Screen Protector Tempered Glass Case Friendly Scratch-Resistant,Easy Installation,Clear+Black Circle (2 Pack, For iPhone 13 Pro Max 6.7”/13 Pro 6.1”)",https://m.media-amazon.com/images/I/41Fa5YiBsUL.jpg,,
B0DHW8Q9GB,Ip13pro-CamCap,X4-9E5H-0AXM,no,COLOR/SIZE,1 Pack,For iPhone 13 Pro Max 6.7”/13 Pro 6.1”,,yes,,WATCH_BAND,"Meyaar 1 Pack Camera Lens Protector Designed for iPhone 13 Pro Max 6.7”/13 Pro 6.1” Screen Protector Tempered Glass Case Friendly Scratch-Resistant,Easy Installation,Clear+Black Circle (1 Pack, For iPhone 13 Pro Max 6.7”/13 Pro 6.1”)",https://m.media-amazon.com/images/I/4128C6ym5vL.jpg,,
B0DHW9C9GQ,Ip16pro-CamCap-2Q,X4-9E5H-0AXM,no,COLOR/SIZE,2 Pack,For iPhone16ProMax/16Pro/15ProMax/15Pro/14Pro.,,yes,,WATCH_BAND,"Meyaar 2-Pack Camera Lens Protector for iPhone 16 Pro Max 6.9'' /16 Pro 6.3/15 Pro Max/ 14 Pro Max,iPhone 15 Pro/14 Pro 6.1'' Tempered Glass Camera lens Screen Protector Camera Cover Case Friendly (2 Pack, For iPhone16ProMax/16Pro/15ProMax/15Pro/14Pro.)",https://m.media-amazon.com/images/I/61a77+1T4FL.jpg,,
B0DHWB4XXZ,Ip16-CamCap-4Q,X4-9E5H-0AXM,no,COLOR/SIZE,4 Pack,"For iphone 16 6.1“/16 plus 6.7""",,yes,,WATCH_BAND,"Meyaar 4-Pack Camera Lens Protector for iPhone 16 6.1”/ iPhone 16 Plus 6.7” Screen Protector Tempered Glass[Case Friendly][New Rersion],Scratch-Resistant,Clear+Black Circle (4 Pack, For iphone 16 6.1“/16 plus 6.7"")",https://m.media-amazon.com/images/I/6153nf3JXPL.jpg,,
B0DJ1LLN2Q,W7ultra-Nike-Green.B,Q4-W2EW-PF8M,no,COLOR,Army Green/Black,,,yes,,WATCH_BAND,"Meyaar Sport Band Compatible with Samsung Galaxy Watch Ultra Bands (2024), Breathable Two Tone Soft Silicone Replacement Strap for Samsung Galaxy Watch 7 Ultra Band 47mm Men Women (Army Green/Black)",https://m.media-amazon.com/images/I/51r-T3Qca8L.jpg,,
B0DJ1LLN2R,W7ultra-Nike-Blk.G,Q4-W2EW-PF8M,no,COLOR,Black/Grey,,,yes,,WATCH_BAND,"Meyaar Sport Band Compatible with Samsung Galaxy Watch Ultra Bands (2024), Breathable Two Tone Soft Silicone Replacement Strap for Samsung Galaxy Watch 7 Ultra Band 47mm Men Women (Black/Grey)",https://m.media-amazon.com/images/I/51Re9+EqGnL.jpg,,
B0DJ1M8M72,W7ultra-Nike-White.B,Q4-W2EW-PF8M,no,COLOR,White/Black,,,yes,,WATCH_BAND,"Meyaar Sport Band Compatible with Samsung Galaxy Watch Ultra Bands (2024), Breathable Two Tone Soft Silicone Replacement Strap for Samsung Galaxy Watch 7 Ultra Band 47mm Men Women (White/Black)",https://m.media-amazon.com/images/I/51AScRT47AL.jpg,,
B0DJ1MW14X,W7ultra-Nike-Blue.W,Q4-W2EW-PF8M,no,COLOR,Dark Blue/White,,,yes,,WATCH_BAND,"Meyaar Sport Band Compatible with Samsung Galaxy Watch Ultra Bands (2024), Breathable Two Tone Soft Silicone Replacement Strap for Samsung Galaxy Watch 7 Ultra Band 47mm Men Women (Dark Blue/White)",https://m.media-amazon.com/images/I/51N9Bc-U9RL.jpg,,
B0DJ1NK7YV,W7ultra-Nike-Blk.Ylw,Q4-W2EW-PF8M,no,COLOR,Black/Yellow,,,yes,,WATCH_BAND,"Meyaar Sport Band Compatible with Samsung Galaxy Watch Ultra Bands (2024), Breathable Two Tone Soft Silicone Replacement Strap for Samsung Galaxy Watch 7 Ultra Band 47mm Men Women (Black/Yellow)",https://m.media-amazon.com/images/I/51JThHzX0OL.jpg,,
B0DJ1P1Q4Q,W7ultra-Nike-Grey.Ylw,Q4-W2EW-PF8M,no,COLOR,Grey/Yellow,,,yes,,WATCH_BAND,"Meyaar Sport Band Compatible with Samsung Galaxy Watch Ultra Bands (2024), Breathable Two Tone Soft Silicone Replacement Strap for Samsung Galaxy Watch 7 Ultra Band 47mm Men Women (Grey/Yellow)",https://m.media-amazon.com/images/I/51P-5w2ThZL.jpg,,
B0DJ1PW9MP,W7ultra-Nike-Blk.Blu,Q4-W2EW-PF8M,no,COLOR,Black/Blue,,,yes,,WATCH_BAND,"Meyaar Sport Band Compatible with Samsung Galaxy Watch Ultra Bands (2024), Breathable Two Tone Soft Silicone Replacement Strap for Samsung Galaxy Watch 7 Ultra Band 47mm Men Women (Black/Blue)",https://m.media-amazon.com/images/I/5169jJ+Os2L.jpg,,
B0DJ53BRYK,46mm-iwX-Case-BLK-2Q.,2PACK-Apple-WC,no,COLOR/SIZE,Black,46mm (Series 10),,yes,,SCREEN_PROTECTOR,"Meyaar 2 Pack Hard Case for Apple Watch Series 10 (46mm) Screen Protector, Tempered Glass Bumper Anti-Scratch HD Ultra-Thin Protective Face Cover for iWatch Series 10 (Black, 46mm (Series 10))",https://m.media-amazon.com/images/I/61jeVj3rByL.jpg,,
B0DJ63ZZZB,AP4-Hard-Lock_(Blk,Y8-ES7D-ZW0E,no,COLOR,Black,,,yes,,PORTABLE_ELECTRONIC_DEVICE_COVER,"Meyaar Hard Shell Case for AirPods 5/4 (2026/2024), Black",https://m.media-amazon.com/images/I/612ugIpbReL.jpg,,
B0DJ65FXYY,AP4-Hard-Lock_(Red,Y8-ES7D-ZW0E,no,COLOR,Black/Red,,,yes,,PORTABLE_ELECTRONIC_DEVICE_COVER,"Meyaar Hard Shell Case for AirPods 5/4 (2026/2024), Black and Red",https://m.media-amazon.com/images/I/61WwmZsG-aL.jpg,,
B0DJ65HMGY,AP4-Hard-Lock_(Blue,Y8-ES7D-ZW0E,no,COLOR,Black/Blue,,,yes,,PORTABLE_ELECTRONIC_DEVICE_COVER,"Meyaar Hard Shell Case for AirPods 5/4 (2026/2024), Black and Blue",https://m.media-amazon.com/images/I/617wsHGiReL.jpg,,
B0DJ661C74,AP4-Hard-Lock_(Green,Y8-ES7D-ZW0E,no,COLOR,Black/Green,,,yes,,PORTABLE_ELECTRONIC_DEVICE_COVER,"Meyaar Hard Shell Case for AirPods 5/4 (2026/2024), Black and Green",https://m.media-amazon.com/images/I/61Xl9s+8ynL.jpg,,
B0DJ66BCJ5,AP4-Hard-Lock_(White,Y8-ES7D-ZW0E,no,COLOR,Black/White,,,yes,,PORTABLE_ELECTRONIC_DEVICE_COVER,"Meyaar Hard Shell Case for AirPods 5/4 (2026/2024), Black and White",https://m.media-amazon.com/images/I/61JgBKecYfL.jpg,,
B0DJK4M23T,iwX-46mm-BUM-Sand,ZK-N65D-98J3,no,COLOR/SIZE,Starlight,46 MM,,yes,,PORTABLE_ELECTRONIC_DEVICE_COVER,"Meyaar Hard PC Bumper Case for Apple Watch Series 10,Ultra-Thin Protective Cover Frame [NO Screen Protector] for iWatch Series 10 (Starlight, 46 MM)",https://m.media-amazon.com/images/I/71N7jdxndUL.jpg,,
B0DJK4SN1D,iwX-42mm-BUM-Sand,ZK-N65D-98J3,no,COLOR/SIZE,Starlight,42 MM,,yes,,PORTABLE_ELECTRONIC_DEVICE_COVER,"Meyaar Hard PC Bumper Case for Apple Watch Series 10,Ultra-Thin Protective Cover Frame [NO Screen Protector] for iWatch Series 10 (Starlight, 42 MM)",https://m.media-amazon.com/images/I/71N7jdxndUL.jpg,,
B0DJN1HZYH,Glxy-C-44mm-(SLVR,Galaxy-Connverter-6,no,COLOR/SIZE,Silver,For Galaxy Watch 7 (44mm),,yes,,PORTABLE_ELECTRONIC_DEVICE_COVER,"Meyaar Compatible for Samsung Galaxy Watch 6/7 44mm Case Accessories, Hard PC Bumper All-Around Edge Face Cover For Galaxy Watch 7/6 (44mm) Case Women Men (Silver, For Galaxy Watch 7 (44mm))",https://m.media-amazon.com/images/I/51CZLIn92GL.jpg,,
B0DJN1ZQYN,Glxy-C-44mm-(BLK},Galaxy-Connverter-6,no,COLOR/SIZE,Black,For Galaxy Watch 6 (44mm),,yes,,PORTABLE_ELECTRONIC_DEVICE_COVER,"Meyaar Compatible for Samsung Galaxy Watch 6/7 44mm Case Accessories, Hard PC Bumper All-Around Edge Face Cover For Galaxy Watch 7/6 (44mm) Case Women Men (Black, For Galaxy Watch 6 (44mm))",https://m.media-amazon.com/images/I/61KGSoVBe4L.jpg,,
B0DJN2B7TT,Glxy-C-44mm-(SLVR.,Galaxy-Connverter-6,no,COLOR/SIZE,Silver,For Galaxy Watch 6 (44mm),,yes,,PORTABLE_ELECTRONIC_DEVICE_COVER,"Meyaar Compatible for Samsung Galaxy Watch 6/7 44mm Case Accessories, Hard PC Bumper All-Around Edge Face Cover For Galaxy Watch 7/6 (44mm) Case Women Men (Silver, For Galaxy Watch 6 (44mm))",https://m.media-amazon.com/images/I/51CZLIn92GL.jpg,,
B0DJN2VV2M,Glxy-C-44mm-(Gold,Galaxy-Connverter-6,no,COLOR/SIZE,Titanium,For Galaxy Watch 7 (44mm),,yes,,PORTABLE_ELECTRONIC_DEVICE_COVER,"Meyaar Compatible for Samsung Galaxy Watch 6/7 44mm Case Accessories, Hard PC Bumper All-Around Edge Face Cover For Galaxy Watch 7/6 (44mm) Case Women Men (Titanium, For Galaxy Watch 7 (44mm))",https://m.media-amazon.com/images/I/71YlTE5ZYlL.jpg,,
B0DJN322C9,Glxy-C-44mm-(BLK/,Galaxy-Connverter-6,no,COLOR/SIZE,Black,For Galaxy Watch 7 (44mm),,yes,,PORTABLE_ELECTRONIC_DEVICE_COVER,"Meyaar Compatible for Samsung Galaxy Watch 6/7 44mm Case Accessories, Hard PC Bumper All-Around Edge Face Cover For Galaxy Watch 7/6 (44mm) Case Women Men (Black, For Galaxy Watch 7 (44mm))",https://m.media-amazon.com/images/I/61KGSoVBe4L.jpg,,
B0DJN3SFBW,Glxy-C-44mm-(Gold.,Galaxy-Connverter-6,no,COLOR/SIZE,Titanium,For Galaxy Watch 6 (44mm),,yes,,PORTABLE_ELECTRONIC_DEVICE_COVER,"Meyaar Compatible for Samsung Galaxy Watch 6/7 44mm Case Accessories, Hard PC Bumper All-Around Edge Face Cover For Galaxy Watch 7/6 (44mm) Case Women Men (Titanium, For Galaxy Watch 6 (44mm))",https://m.media-amazon.com/images/I/71YlTE5ZYlL.jpg,,
B0DJWKNXJZ,46mm-iwX-Case-Clear.P,P6-G54S-VFGV,no,COLOR/SIZE,Clear,For Apple Watch Series 10 (46mm),,yes,,SCREEN_PROTECTOR,"Meyaar Tempered Glass Case Compatible for Apple Watch Series 10 Hard PC Screen Protector Ultra-Thin Lightweight Scratch-Resistant Cover (Clear, For Apple Watch Series 10 (46mm))",https://m.media-amazon.com/images/I/71gdIk191bL.jpg,,
B0DJWKTWDV,42mm-iwX-Case-(Sand.P,P6-G54S-VFGV,no,COLOR/SIZE,Starlight,For Apple Watch Series 10 (42mm),,yes,,SCREEN_PROTECTOR,"Meyaar Tempered Glass Case Compatible for Apple Watch Series 10 Hard PC Screen Protector Ultra-Thin Lightweight Scratch-Resistant Cover (Starlight, For Apple Watch Series 10 (42mm))",https://m.media-amazon.com/images/I/61WB0N3QCBL.jpg,,
B0DJWKX41D,42mm-iwX-Cse(BKL+Clr),P6-G54S-VFGV,no,COLOR/SIZE,(2 Pack) Black + Clear,For Apple Watch Series 10 (42mm),,yes,,SCREEN_PROTECTOR,"Meyaar Tempered Glass Case Compatible for Apple Watch Series 10 Hard PC Screen Protector Ultra-Thin Lightweight Scratch-Resistant Cover ((2 Pack) Black + Clear, For Apple Watch Series 10 (42mm))",https://m.media-amazon.com/images/I/61Ukihe-zNL.jpg,,
B0DJWKZ886,46mm-iwX-Case-BLK.P,P6-G54S-VFGV,no,COLOR/SIZE,Black,For Apple Watch Series 10 (46mm),,yes,,SCREEN_PROTECTOR,"Meyaar Tempered Glass Case Compatible for Apple Watch Series 10 Hard PC Screen Protector Ultra-Thin Lightweight Scratch-Resistant Cover (Black, For Apple Watch Series 10 (46mm))",https://m.media-amazon.com/images/I/61cAK7tSmUL.jpg,,
B0DJWL6DTL,42mm-iwx-(Clear+Sand,P6-G54S-VFGV,no,COLOR/SIZE,(2 Pack) Clear + Starlight,For Apple Watch Series 10 (42mm),,yes,,SCREEN_PROTECTOR,"Meyaar Tempered Glass Case Compatible for Apple Watch Series 10 Hard PC Screen Protector Ultra-Thin Lightweight Scratch-Resistant Cover ((2 Pack) Clear + Starlight, For Apple Watch Series 10 (42mm))",https://m.media-amazon.com/images/I/61MNcyoSVHL.jpg,,
B0DJWLHR77,46mm-iwX-Case-(Sand.P,P6-G54S-VFGV,no,COLOR/SIZE,Starlight,For Apple Watch Series 10 (46mm),,yes,,SCREEN_PROTECTOR,"Meyaar Tempered Glass Case Compatible for Apple Watch Series 10 Hard PC Screen Protector Ultra-Thin Lightweight Scratch-Resistant Cover (Starlight, For Apple Watch Series 10 (46mm))",https://m.media-amazon.com/images/I/61WB0N3QCBL.jpg,,
B0DJWLQZFT,46mm-iwX-Cse(BKL+Clr),P6-G54S-VFGV,no,COLOR/SIZE,(2 Pack) Black + Clear,For Apple Watch Series 10 (46mm),,yes,,SCREEN_PROTECTOR,"Meyaar Tempered Glass Case Compatible for Apple Watch Series 10 Hard PC Screen Protector Ultra-Thin Lightweight Scratch-Resistant Cover ((2 Pack) Black + Clear, For Apple Watch Series 10 (46mm))",https://m.media-amazon.com/images/I/61Ukihe-zNL.jpg,,
B0DJWLTBQD,42mm-iwX-Case-BLK.P,P6-G54S-VFGV,no,COLOR/SIZE,Black,For Apple Watch Series 10 (42mm),,yes,,SCREEN_PROTECTOR,"Meyaar Tempered Glass Case Compatible for Apple Watch Series 10 Hard PC Screen Protector Ultra-Thin Lightweight Scratch-Resistant Cover (Black, For Apple Watch Series 10 (42mm))",https://m.media-amazon.com/images/I/61cAK7tSmUL.jpg,,
B0DJWN3QR8,42mm-iwX-Case-Clear.P,P6-G54S-VFGV,no,COLOR/SIZE,Clear,For Apple Watch Series 10 (42mm),,yes,,SCREEN_PROTECTOR,"Meyaar Tempered Glass Case Compatible for Apple Watch Series 10 Hard PC Screen Protector Ultra-Thin Lightweight Scratch-Resistant Cover (Clear, For Apple Watch Series 10 (42mm))",https://m.media-amazon.com/images/I/71gdIk191bL.jpg,,
B0DK7WJC46,1+Nord3-Buds-(GREY,QR-2ANM-7SJV,no,COLOR,grey,,,yes,,PORTABLE_ELECTRONIC_DEVICE_COVER,"Meyaar Case Cover Compatible with OnePlus Nord Buds 3 Pro, OnePlus Nord Buds 3 Silicone Case for OnePlus Nord Buds 3 | OnePlus Nord Buds 3 Pro (Grey)",https://m.media-amazon.com/images/I/31adBwDpexL.jpg,,
B0DK7WMVZG,1+Nord3-Buds-(BLK,QR-2ANM-7SJV,no,COLOR,Black,,,yes,,PORTABLE_ELECTRONIC_DEVICE_COVER,"Meyaar Case Cover Compatible with OnePlus Nord Buds 3 Pro, OnePlus Nord Buds 3 Silicone Case for OnePlus Nord Buds 3 | OnePlus Nord Buds 3 Pro (Black)",https://m.media-amazon.com/images/I/51yU-8lbtxL.jpg,,
B0DK7X1HT3,1+Nord3-Buds-(BLU,QR-2ANM-7SJV,no,COLOR,Blue,,,yes,,PORTABLE_ELECTRONIC_DEVICE_COVER,"Meyaar Case Cover Compatible with OnePlus Nord Buds 3 Pro, OnePlus Nord Buds 3 Silicone Case for OnePlus Nord Buds 3 | OnePlus Nord Buds 3 Pro (Blue)",https://m.media-amazon.com/images/I/51Hoej-iCpL.jpg,,
B0DK7XG3FP,1+Nord3-Buds-(GRN,QR-2ANM-7SJV,no,COLOR,Green,,,yes,,PORTABLE_ELECTRONIC_DEVICE_COVER,"Meyaar Case Cover Compatible with OnePlus Nord Buds 3 Pro, OnePlus Nord Buds 3 Silicone Case for OnePlus Nord Buds 3 | OnePlus Nord Buds 3 Pro (Green)",https://m.media-amazon.com/images/I/41xJgxpzwFL.jpg,,
B0DKCX7QBT,AP4-CarbonF-(Pink,Y8-ES7D-ZW0E,no,COLOR,Carbon Fiber Galaxy,,,yes,,PORTABLE_ELECTRONIC_DEVICE_COVER,"Meyaar for AirPods 5/4 Case (2026/2024), Carbon Fibre Armour Cover, Pink",https://m.media-amazon.com/images/I/71EZnHcSezL.jpg,,
B0DKDF5RJF,(W4-07S-PINK+GC-44-B),RB-Q2F3-5GL7,no,COLOR/SIZE,Pink Black,For Galaxy Watch 7 44mm,,yes,,WATCH_BAND,"Meyaar Case+Strap for Samsung Galaxy Watch 7/6 44mm Silicone Band Tempered Glass Film Protective Case Upgrade Galaxy 6/7 to Ultra 47mm (Pink Black, For Galaxy Watch 7 44mm)",https://m.media-amazon.com/images/I/41H575jl5KL.jpg,,
B0DKDFR5B9,(W4-07S-ORNG+GC-44-G,RB-Q2F3-5GL7,no,COLOR/SIZE,Orange Titanium,For Galaxy Watch 6 44mm,,yes,,WATCH_BAND,"Meyaar Case+Strap for Samsung Galaxy Watch 7/6 44mm Silicone Band Tempered Glass Film Protective Case Upgrade Galaxy 6/7 to Ultra 47mm (Orange Titanium, For Galaxy Watch 6 44mm)",https://m.media-amazon.com/images/I/415MXPSg5DL.jpg,,
B0DKDFWL5M,(W4-07S-BLU+GC-44-B,RB-Q2F3-5GL7,no,COLOR/SIZE,Dark Blue Black,For Galaxy Watch 6 44mm,,yes,,WATCH_BAND,"Meyaar Case+Strap for Samsung Galaxy Watch 7/6 44mm Silicone Band Tempered Glass Film Protective Case Upgrade Galaxy 6/7 to Ultra 47mm (Dark Blue Black, For Galaxy Watch 6 44mm)",https://m.media-amazon.com/images/I/41zEKYflyHL.jpg,,
B0DKDG4T18,(W4-07S-BLK+GC-44-G),RB-Q2F3-5GL7,no,COLOR/SIZE,Black Titanium,For Galaxy Watch 7 44mm,,yes,,WATCH_BAND,"Meyaar Case+Strap for Samsung Galaxy Watch 7/6 44mm Silicone Band Tempered Glass Film Protective Case Upgrade Galaxy 6/7 to Ultra 47mm (Black Titanium, For Galaxy Watch 7 44mm)",https://m.media-amazon.com/images/I/41l+TJmPuVL.jpg,,
B0DKDG63FR,(W4-07S-Grn+GC-44-G,RB-Q2F3-5GL7,no,COLOR/SIZE,Army Green Titanium,For Galaxy Watch 6 44mm,,yes,,WATCH_BAND,"Meyaar Case+Strap for Samsung Galaxy Watch 7/6 44mm Silicone Band Tempered Glass Film Protective Case Upgrade Galaxy 6/7 to Ultra 47mm (Army Green Titanium, For Galaxy Watch 6 44mm)",https://m.media-amazon.com/images/I/41IRhJDbn6L.jpg,,
B0DKDG8GTF,(W4-07S-PINK+GC-44-B,RB-Q2F3-5GL7,no,COLOR/SIZE,Pink Black,For Galaxy Watch 6 44mm,,yes,,WATCH_BAND,"Meyaar Case+Strap for Samsung Galaxy Watch 7/6 44mm Silicone Band Tempered Glass Film Protective Case Upgrade Galaxy 6/7 to Ultra 47mm (Pink Black, For Galaxy Watch 6 44mm)",https://m.media-amazon.com/images/I/41H575jl5KL.jpg,,
B0DKDG9K79,(W4-07S-SAND+GC-44-G,RB-Q2F3-5GL7,no,COLOR/SIZE,Starlight Titanium,For Galaxy Watch 6 44mm,,yes,,WATCH_BAND,"Meyaar Case+Strap for Samsung Galaxy Watch 7/6 44mm Silicone Band Tempered Glass Film Protective Case Upgrade Galaxy 6/7 to Ultra 47mm (Starlight Titanium, For Galaxy Watch 6 44mm)",https://m.media-amazon.com/images/I/414jlqGiAYL.jpg,,
B0DKDG9ZWT,(W4-07S-BLK+GC-44-B,RB-Q2F3-5GL7,no,COLOR/SIZE,Black Black,For Galaxy Watch 6 44mm,,yes,,WATCH_BAND,"Meyaar Case+Strap for Samsung Galaxy Watch 7/6 44mm Silicone Band Tempered Glass Film Protective Case Upgrade Galaxy 6/7 to Ultra 47mm (Black Black, For Galaxy Watch 6 44mm)",https://m.media-amazon.com/images/I/41Y20rrTMfL.jpg,,
B0DKDGG73G,(W4-07S-Sand+GC-44-B,RB-Q2F3-5GL7,no,COLOR/SIZE,Starlight Black,For Galaxy Watch 6 44mm,,yes,,WATCH_BAND,"Meyaar Case+Strap for Samsung Galaxy Watch 7/6 44mm Silicone Band Tempered Glass Film Protective Case Upgrade Galaxy 6/7 to Ultra 47mm (Starlight Black, For Galaxy Watch 6 44mm)",https://m.media-amazon.com/images/I/41a6KpIDwIL.jpg,,
B0DKDGGP1D,(W4-07S-ORNG+GC-44-B),RB-Q2F3-5GL7,no,COLOR/SIZE,Orange black,For Galaxy Watch 7 44mm,,yes,,WATCH_BAND,"Meyaar Case+Strap for Samsung Galaxy Watch 7/6 44mm Silicone Band Tempered Glass Film Protective Case Upgrade Galaxy 6/7 to Ultra 47mm (Orange black, For Galaxy Watch 7 44mm)",https://m.media-amazon.com/images/I/4158WbAgObL.jpg,,
B0DKDGJQTV,(W4-07S-Sand+GC-44-B),RB-Q2F3-5GL7,no,COLOR/SIZE,Starlight Black,For Galaxy Watch 7 44mm,,yes,,WATCH_BAND,"Meyaar Case+Strap for Samsung Galaxy Watch 7/6 44mm Silicone Band Tempered Glass Film Protective Case Upgrade Galaxy 6/7 to Ultra 47mm (Starlight Black, For Galaxy Watch 7 44mm)",https://m.media-amazon.com/images/I/41a6KpIDwIL.jpg,,
B0DKDGK7C5,(W4-07S-BLK+GC-44-B),RB-Q2F3-5GL7,no,COLOR/SIZE,Black Black,For Galaxy Watch 7 44mm,,yes,,WATCH_BAND,"Meyaar Case+Strap for Samsung Galaxy Watch 7/6 44mm Silicone Band Tempered Glass Film Protective Case Upgrade Galaxy 6/7 to Ultra 47mm (Black Black, For Galaxy Watch 7 44mm)",https://m.media-amazon.com/images/I/41Y20rrTMfL.jpg,,
B0DKDGLW7R,(W4-07S-BLU+GC-44-G),RB-Q2F3-5GL7,no,COLOR/SIZE,Dark Blue Titanium,For Galaxy Watch 7 44mm,,yes,,WATCH_BAND,"Meyaar Case+Strap for Samsung Galaxy Watch 7/6 44mm Silicone Band Tempered Glass Film Protective Case Upgrade Galaxy 6/7 to Ultra 47mm (Dark Blue Titanium, For Galaxy Watch 7 44mm)",https://m.media-amazon.com/images/I/41Srj4+xT5L.jpg,,
B0DKDGNP2L,(W4-07S-BLU+GC-44-G,RB-Q2F3-5GL7,no,COLOR/SIZE,Dark Blue Titanium,For Galaxy Watch 6 44mm,,yes,,WATCH_BAND,"Meyaar Case+Strap for Samsung Galaxy Watch 7/6 44mm Silicone Band Tempered Glass Film Protective Case Upgrade Galaxy 6/7 to Ultra 47mm (Dark Blue Titanium, For Galaxy Watch 6 44mm)",https://m.media-amazon.com/images/I/41Srj4+xT5L.jpg,,
B0DKDGS5KR,(W4-07S-SAND+GC-44-G),RB-Q2F3-5GL7,no,COLOR/SIZE,Starlight Titanium,For Galaxy Watch 7 44mm,,yes,,WATCH_BAND,"Meyaar Case+Strap for Samsung Galaxy Watch 7/6 44mm Silicone Band Tempered Glass Film Protective Case Upgrade Galaxy 6/7 to Ultra 47mm (Starlight Titanium, For Galaxy Watch 7 44mm)",https://m.media-amazon.com/images/I/414jlqGiAYL.jpg,,
B0DKDGT9GY,(W4-07S-GRN+GC-44-B,RB-Q2F3-5GL7,no,COLOR/SIZE,Army Green Black,For Galaxy Watch 6 44mm,,yes,,WATCH_BAND,"Meyaar Case+Strap for Samsung Galaxy Watch 7/6 44mm Silicone Band Tempered Glass Film Protective Case Upgrade Galaxy 6/7 to Ultra 47mm (Army Green Black, For Galaxy Watch 6 44mm)",https://m.media-amazon.com/images/I/413ocC0ncTL.jpg,,
B0DKDGV4XV,(W4-07S-ORNG+GC-44-G),RB-Q2F3-5GL7,no,COLOR/SIZE,Orange Titanium,For Galaxy Watch 7 44mm,,yes,,WATCH_BAND,"Meyaar Case+Strap for Samsung Galaxy Watch 7/6 44mm Silicone Band Tempered Glass Film Protective Case Upgrade Galaxy 6/7 to Ultra 47mm (Orange Titanium, For Galaxy Watch 7 44mm)",https://m.media-amazon.com/images/I/415MXPSg5DL.jpg,,
B0DKDGXX7G,(W4-07S-BLU+GC-44-B),RB-Q2F3-5GL7,no,COLOR/SIZE,Dark Blue Black,For Galaxy Watch 7 44mm,,yes,,WATCH_BAND,"Meyaar Case+Strap for Samsung Galaxy Watch 7/6 44mm Silicone Band Tempered Glass Film Protective Case Upgrade Galaxy 6/7 to Ultra 47mm (Dark Blue Black, For Galaxy Watch 7 44mm)",https://m.media-amazon.com/images/I/41zEKYflyHL.jpg,,
B0DKDH1QBT,(W4-07S-ORNG+GC-44-B,RB-Q2F3-5GL7,no,COLOR/SIZE,Orange black,For Galaxy Watch 6 44mm,,yes,,WATCH_BAND,"Meyaar Case+Strap for Samsung Galaxy Watch 7/6 44mm Silicone Band Tempered Glass Film Protective Case Upgrade Galaxy 6/7 to Ultra 47mm (Orange black, For Galaxy Watch 6 44mm)",https://m.media-amazon.com/images/I/4158WbAgObL.jpg,,
B0DKDH66CR,(W4-07S-PINK+GC-44-G),RB-Q2F3-5GL7,no,COLOR/SIZE,Pink Titanium,For Galaxy Watch 7 44mm,,yes,,WATCH_BAND,"Meyaar Case+Strap for Samsung Galaxy Watch 7/6 44mm Silicone Band Tempered Glass Film Protective Case Upgrade Galaxy 6/7 to Ultra 47mm (Pink Titanium, For Galaxy Watch 7 44mm)",https://m.media-amazon.com/images/I/41OyMTpuvOL.jpg,,
B0DKDH8WRH,(W4-07S-GRN+GC-44-B),RB-Q2F3-5GL7,no,COLOR/SIZE,Army Green Black,For Galaxy Watch 7 44mm,,yes,,WATCH_BAND,"Meyaar Case+Strap for Samsung Galaxy Watch 7/6 44mm Silicone Band Tempered Glass Film Protective Case Upgrade Galaxy 6/7 to Ultra 47mm (Army Green Black, For Galaxy Watch 7 44mm)",https://m.media-amazon.com/images/I/413ocC0ncTL.jpg,,
B0DKDH92CS,(W4-07S-BLK+GC-44-G,RB-Q2F3-5GL7,no,COLOR/SIZE,Black Titanium,For Galaxy Watch 6 44mm,,yes,,WATCH_BAND,"Meyaar Case+Strap for Samsung Galaxy Watch 7/6 44mm Silicone Band Tempered Glass Film Protective Case Upgrade Galaxy 6/7 to Ultra 47mm (Black Titanium, For Galaxy Watch 6 44mm)",https://m.media-amazon.com/images/I/41l+TJmPuVL.jpg,,
B0DKDHBJ8W,(W4-07S-PINK+GC-44-G,RB-Q2F3-5GL7,no,COLOR/SIZE,Pink Titanium,For Galaxy Watch 6 44mm,,yes,,WATCH_BAND,"Meyaar Case+Strap for Samsung Galaxy Watch 7/6 44mm Silicone Band Tempered Glass Film Protective Case Upgrade Galaxy 6/7 to Ultra 47mm (Pink Titanium, For Galaxy Watch 6 44mm)",https://m.media-amazon.com/images/I/41OyMTpuvOL.jpg,,
B0DKDHN7WN,(W4-07S-Grn+GC-44-G),RB-Q2F3-5GL7,no,COLOR/SIZE,Army Green Titanium,For Galaxy Watch 7 44mm,,yes,,WATCH_BAND,"Meyaar Case+Strap for Samsung Galaxy Watch 7/6 44mm Silicone Band Tempered Glass Film Protective Case Upgrade Galaxy 6/7 to Ultra 47mm (Army Green Titanium, For Galaxy Watch 7 44mm)",https://m.media-amazon.com/images/I/41IRhJDbn6L.jpg,,
B0DKFGHV6F,AP-4-Napa-(GRN,Ap-4-NAPA-s,no,COLOR,Green,,,yes,,PORTABLE_ELECTRONIC_DEVICE_COVER,"Meyaar Silicone Leather Case for AirPods 5/4 (2026/2024), Green",https://m.media-amazon.com/images/I/71bh+CaH2xL.jpg,,
B0DKFGNJZT,AP-4-Napa-(PINE.GREEN,Ap-4-NAPA-s,no,COLOR,Pine Green,,,yes,,PORTABLE_ELECTRONIC_DEVICE_COVER,"Meyaar Silicone Leather Case for AirPods 5/4 (2026/2024), Pine Green",https://m.media-amazon.com/images/I/71b+GC7utqL.jpg,,
B0DKFGY5DC,AP-4-Napa-(BLUE,Ap-4-NAPA-s,no,COLOR,Blue,,,yes,,PORTABLE_ELECTRONIC_DEVICE_COVER,"Meyaar Silicone Leather Case for AirPods 5/4 (2026/2024), Blue",https://m.media-amazon.com/images/I/71feNvJ3EqL.jpg,,
B0DNCY3CDF,AP-4-HEART-PURPLE,7W-6DIZ-WIBQ,no,COLOR,Heart Purple,,,yes,,PORTABLE_ELECTRONIC_DEVICE_COVER,"Meyaar Cute Heart Silicone Case for AirPods 5/4 (2026/2024), Purple",https://m.media-amazon.com/images/I/61btdXOf4PL.jpg,,
B0DNCZFSQC,AP-4-BOW-PURPLE,7W-6DIZ-WIBQ,no,COLOR,Bow Purple,,,yes,,PORTABLE_ELECTRONIC_DEVICE_COVER,"Meyaar for AirPods 5/4 Case (2026/2024), Cute Bow Design Cover, Purple",https://m.media-amazon.com/images/I/71MyxzIB6yL.jpg,,
B0DND1M27S,AP-4-BOW-BLU,7W-6DIZ-WIBQ,no,COLOR,Bow Blue,,,yes,,PORTABLE_ELECTRONIC_DEVICE_COVER,"Meyaar for AirPods 5/4 Case (2026/2024), Cute Bow Design Cover, Blue",https://m.media-amazon.com/images/I/71-XkahJzZL.jpg,,
B0DND1T5BC,AP-4-HEART-BLU,7W-6DIZ-WIBQ,no,COLOR,Heart Blue,,,yes,,PORTABLE_ELECTRONIC_DEVICE_COVER,"Meyaar Cute Heart Silicone Case for AirPods 5/4 (2026/2024), Blue",https://m.media-amazon.com/images/I/71NTFJ6WDUL.jpg,,
B0DND22N36,AP-4-HEART-PINK,7W-6DIZ-WIBQ,no,COLOR,Heart Pink,,,yes,,PORTABLE_ELECTRONIC_DEVICE_COVER,"Meyaar Cute Heart Silicone Case for AirPods 5/4 (2026/2024), Pink",https://m.media-amazon.com/images/I/6134H-ol34L.jpg,,
B0DND27FKP,AP-4-Napa-(Indigo..,Ap-4-NAPA-s,no,COLOR,Indigo,,,yes,,PORTABLE_ELECTRONIC_DEVICE_COVER,"Meyaar Silicone Leather Case for AirPods 5/4 (2026/2024), Indigo",https://m.media-amazon.com/images/I/71TpAzGvQvL.jpg,,
B0DNKRVLGM,W7-Sports-Band(Grey),W7-Ultra-Marine-Sports,no,COLOR,Light Grey,,,yes,,WATCH_BAND,"Meyaar Bands Compatible with Samsung Galaxy Watch Ultra 47mm (2024 & 2025), Rugged Ocean Strap, Waterproof Breathable Silicone Sport Band for Men & Women (Light Grey)",https://m.media-amazon.com/images/I/61cMyOpEbTL.jpg,,
B0DNKTLJFT,AP-4-Napa-(BLK),Ap-4-NAPA-s,no,COLOR,Black,,,yes,,PORTABLE_ELECTRONIC_DEVICE_COVER,"Meyaar Silicone Leather Case for AirPods 5/4 (2026/2024), Black",https://m.media-amazon.com/images/I/61mxx9TlvuL.jpg,,
B0DSV93525,AP-4-BOW-PINK.,7W-6DIZ-WIBQ,no,COLOR,Bow PInk,,,yes,,PORTABLE_ELECTRONIC_DEVICE_COVER,"Meyaar for AirPods 5/4 Case (2026/2024), Cute Bow Design Cover, Pink",https://m.media-amazon.com/images/I/51DAIP4pYKL.jpg,,
B0DTZV7116,42mm-Rug-BUM-(BLK,Rug-BUM Parent,no,COLOR/SIZE,Black,42MM,,yes,,SCREEN_PROTECTOR,"Meyaar Tough Armour Case Compatible for Apple Watch Series 10 42mm |Military Grade Protective Cover, TPU Bumper Case for Apple Watch Series 10 42mm (2024) (Black, 42MM)",https://m.media-amazon.com/images/I/61kvKtZDShL.jpg,,
B0DTZVRCTG,46mm-Rug-BUM-(CLEAR,Rug-BUM Parent,no,COLOR/SIZE,Clear,46MM,,yes,,SCREEN_PROTECTOR,"Meyaar Tough Armour Case Compatible for Apple Watch Series 10 46mm Military Grade Protective Cover, TPU Bumper Case for Apple Watch Series 10 46mm (2024) (Clear, 46MM)",https://m.media-amazon.com/images/I/41wuvOMB9SL.jpg,,
B0DTZVT5KP,42mm-Rug-BUM-(CLEAR,Rug-BUM Parent,no,COLOR/SIZE,Clear,42MM,,yes,,SCREEN_PROTECTOR,"Meyaar Tough Armour Case Compatible for Apple Watch Series 10 42mm |Military Grade Protective Cover, TPU Bumper Case for Apple Watch Series 10 42mm (2024) (Clear, 42MM)",https://m.media-amazon.com/images/I/41wuvOMB9SL.jpg,,
B0DV13MTL2,46mm-Rug-BUM-(BLU,Rug-BUM Parent,no,COLOR/SIZE,Blue,46MM,,yes,,SCREEN_PROTECTOR,"Meyaar Tough Armour Case Compatible for Apple Watch Series 10 46mm Military Grade Protective Cover, TPU Bumper Case for Apple Watch Series 10 46mm (2024) (Blue, 46MM)",https://m.media-amazon.com/images/I/51HPZR9R30L.jpg,,
B0DV14RGFG,42mm-Rug-BUM-(BLU,Rug-BUM Parent,no,COLOR/SIZE,Blue,42MM,,yes,,SCREEN_PROTECTOR,"Meyaar Tough Armour Case Compatible for Apple Watch Series 10 42mm |Military Grade Protective Cover, TPU Bumper Case for Apple Watch Series 10 42mm (2024) (Blue, 42MM)",https://m.media-amazon.com/images/I/51HPZR9R30L.jpg,,
B0DV16YG4N,46mm-Rug-BUM-(BLK,Rug-BUM Parent,no,COLOR/SIZE,Black,46MM,,yes,,SCREEN_PROTECTOR,"Meyaar Tough Armour Case Compatible for Apple Watch Series 10 46mm Military Grade Protective Cover, TPU Bumper Case for Apple Watch Series 10 46mm (2024) (Black, 46MM)",https://m.media-amazon.com/images/I/61kvKtZDShL.jpg,,
B0DZ76BNP8,46mm-Parachute-Sand,KY-97VV-BOQH,no,COLOR,Starlight Natural,,,yes,,WEARABLE_COMPUTER,"Meyaar Stainless Steel Strap with Parachute-style Buckle Compatible with iwatch Ultra 2/Ultra band 49mm, Series 10 46mm, 9/8/7 45mm, SE2/SE/6/5/4 44mm, 3/2/1 42mm (Starlight Natural)",https://m.media-amazon.com/images/I/71Ktowil5tL.jpg,,
B0DZ774JSC,46mm-Parachute-SLVR,KY-97VV-BOQH,no,COLOR,Silver,,,yes,,WEARABLE_COMPUTER,"Meyaar Stainless Steel Strap with Parachute-style Buckle Compatible with iwatch Ultra 2/Ultra band 49mm, Series 10 46mm, 9/8/7 45mm, SE2/SE/6/5/4 44mm, 3/2/1 42mm (Silver)",https://m.media-amazon.com/images/I/71tTfVXutaL.jpg,,
B0DZD9C2VQ,Pro2-Napa-PURPLE,Napa-Ap-Pro2,no,COLOR,Purple,,,yes,,PORTABLE_ELECTRONIC_DEVICE_COVER,"Meyaar For Airpods Pro 2 Case Cover, Leather Texture Full-Body Protective Case Cover for Apple Airpods Pro 2 / Pro, Wireless Charging and Front LED Visible with Carabiner (Purple)",https://m.media-amazon.com/images/I/71TpAzGvQvL.jpg,,
B0DZD9XFKL,Pro2-Napa-BLK,Napa-Ap-Pro2,no,COLOR,Matt Black,,,yes,,PORTABLE_ELECTRONIC_DEVICE_COVER,"Meyaar For Airpods Pro 2 Case Cover, Leather Texture Full-Body Protective Case Cover for Apple Airpods Pro 2 / Pro, Wireless Charging and Front LED Visible with Carabiner (Matt Black)",https://m.media-amazon.com/images/I/61mxx9TlvuL.jpg,,
B0DZDB5PF3,Pro2-Napa-Pine.Green,Napa-Ap-Pro2,no,COLOR,Green,,,yes,,PORTABLE_ELECTRONIC_DEVICE_COVER,"Meyaar For Airpods Pro 2 Case Cover, Leather Texture Full-Body Protective Case Cover for Apple Airpods Pro 2 / Pro, Wireless Charging and Front LED Visible with Carabiner (Green)",https://m.media-amazon.com/images/I/71b+GC7utqL.jpg,,
B0DZDBLDL2,Pro2-Napa-BLUE,Napa-Ap-Pro2,no,COLOR,Matt Blue,,,yes,,PORTABLE_ELECTRONIC_DEVICE_COVER,"Meyaar For Airpods Pro 2 Case Cover, Leather Texture Full-Body Protective Case Cover for Apple Airpods Pro 2 / Pro, Wireless Charging and Front LED Visible with Carabiner (Matt Blue)",https://m.media-amazon.com/images/I/71feNvJ3EqL.jpg,,
B0DZDCF1LN,Pro2-Napa-BLK.,Ap-pro-2-Napa-1R,no,COLOR,Matt Black,,,yes,,PORTABLE_ELECTRONIC_DEVICE_COVER,"Meyaar Compatible for AirPods Pro 2 Case with Anti-Lost Lanyard, Drop Protection, Protective Case, Supports Wireless Charging Cover for AirPods Pro 1st/2nd Generation (2019/2022) (Matt Black)",https://m.media-amazon.com/images/I/716tZLMCU4L.jpg,,
B0DZDCN6XJ,Pro2-Napa-PURPLE.,Ap-pro-2-Napa-1R,no,COLOR,Purple,,,yes,,PORTABLE_ELECTRONIC_DEVICE_COVER,"Meyaar Compatible for AirPods Pro 2 Case with Anti-Lost Lanyard, Drop Protection, Protective Case, Supports Wireless Charging Cover for AirPods Pro 1st/2nd Generation (2019/2022) (Purple)",https://m.media-amazon.com/images/I/71TpAzGvQvL.jpg,,
B0DZDDPSXN,Pro2-Napa-Pine.Green.,Ap-pro-2-Napa-1R,no,COLOR,Pine Green,,,yes,,PORTABLE_ELECTRONIC_DEVICE_COVER,"Meyaar Compatible for AirPods Pro 2 Case with Anti-Lost Lanyard, Drop Protection, Protective Case, Supports Wireless Charging Cover for AirPods Pro 1st/2nd Generation (2019/2022) (Pine Green)",https://m.media-amazon.com/images/I/71b+GC7utqL.jpg,,
B0DZDFBKB7,Pro2-Napa-BLUE.,Ap-pro-2-Napa-1R,no,COLOR,Matt Blue,,,yes,,PORTABLE_ELECTRONIC_DEVICE_COVER,"Meyaar Compatible for AirPods Pro 2 Case with Anti-Lost Lanyard, Drop Protection, Protective Case, Supports Wireless Charging Cover for AirPods Pro 1st/2nd Generation (2019/2022) (Matt Blue)",https://m.media-amazon.com/images/I/71feNvJ3EqL.jpg,,
B0FKD58HBM,W8-Steel-Silver,W8-Steel-Parent,no,COLOR,SILVER,,,yes,,WATCH_BAND,"Meyaar Metal Band Compatible with Samsung Galaxy Watch 8 40mm/44mm/Classic 46mm 2025,No Gap Business Stainless Steel Strap for Galaxy Watch8 Men Women,NOT for Other Models (SILVER)",https://m.media-amazon.com/images/I/61oEtVsI0IL.jpg,,
B0FKDDTWQ8,W8-Steel-BLK,W8-Steel-Parent,no,COLOR,BLACK,,,yes,,WATCH_BAND,"Meyaar Metal Band Compatible with Samsung Galaxy Watch 8 40mm/44mm/Classic 46mm 2025,No Gap Business Stainless Steel Strap for Galaxy Watch8 Men Women,NOT for Other Models (BLACK)",https://m.media-amazon.com/images/I/61eOeZkkVML.jpg,,
B0FKR98LNC,W8-44mm-Bum-BLK,W8-44mm,no,COLOR,Black,,,yes,,PORTABLE_ELECTRONIC_DEVICE_COVER,Meyaar Slim Compatible with Samsung Galaxy Watch 8 44mm Case Ultra Thin Lightweight Hard PC Bumper Cover Without Glass Screen Compatible with Samsung Galaxy Watch 8 44mm (Black),https://m.media-amazon.com/images/I/61iP86OspTL.jpg,,
B0FKRFHS6S,W8-44mm-Bum(Gold),W8-44mm,no,COLOR,Starlight,,,yes,,PORTABLE_ELECTRONIC_DEVICE_COVER,Meyaar Slim Compatible with Samsung Galaxy Watch 8 44mm Case Ultra Thin Lightweight Hard PC Bumper Cover Without Glass Screen Compatible with Samsung Galaxy Watch 8 44mm (Starlight),https://m.media-amazon.com/images/I/71dAIji9JBL.jpg,,
B0FKS1J5LL,W8-44mm-Bum-Clear,W8-44mm,no,COLOR,Clear,,,yes,,PORTABLE_ELECTRONIC_DEVICE_COVER,Meyaar Slim Compatible with Samsung Galaxy Watch 8 44mm Case Ultra Thin Lightweight Hard PC Bumper Cover Without Glass Screen Compatible with Samsung Galaxy Watch 8 44mm (Clear),https://m.media-amazon.com/images/I/71d9CwmkZiL.jpg,,
B0FKVGJFP8,W8-Soft-Mgnt-BLK,W8-Soft-Mgnt-Parent,no,COLOR,Black,,,yes,,WATCH_BAND,"Meyaar Silicone Magnetic Band For Samsung Galaxy Watch 8 40mm/44mm/Classic 46mm 2025,No Gap Magnet Adjustable Classic Strap for Galaxy Watch 8 Bands 44mm 40mm & 46mm Classic For Men Women (Black)",https://m.media-amazon.com/images/I/41qr4OQL9-L.jpg,,
B0FKVKZQW2,W8-Soft-Mgnt-Blue,W8-Soft-Mgnt-Parent,no,COLOR,Blue,,,yes,,WATCH_BAND,"Meyaar Silicone Magnetic Band For Samsung Galaxy Watch 8 40mm/44mm/Classic 46mm 2025,No Gap Magnet Adjustable Classic Strap for Galaxy Watch 8 Bands 44mm 40mm & 46mm Classic For Men Women (Blue)",https://m.media-amazon.com/images/I/41HL264LWrL.jpg,,
B0FKVWGR54,W8-Soft-Mgnt-Grey,W8-Soft-Mgnt-Parent,no,COLOR,Light Grey,,,yes,,WATCH_BAND,"Meyaar Silicone Magnetic Band For Samsung Galaxy Watch 8 40mm/44mm/Classic 46mm 2025,No Gap Magnet Adjustable Classic Strap for Galaxy Watch 8 Bands 44mm 40mm & 46mm Classic For Men Women (Light Grey)",https://m.media-amazon.com/images/I/41rf17eK9pL.jpg,,
B0FKVZRR6H,W8-Soft-Mgnt-Sand,W8-Soft-Mgnt-Parent,no,COLOR,Starlight,,,yes,,WATCH_BAND,"Meyaar Silicone Magnetic Band For Samsung Galaxy Watch 8 40mm/44mm/Classic 46mm 2025,No Gap Magnet Adjustable Classic Strap for Galaxy Watch 8 Bands 44mm 40mm & 46mm Classic For Men Women (Starlight)",https://m.media-amazon.com/images/I/414lP163b4L.jpg,,
B0FL1CPGYC,W8-40-Bum+Tem-C-2Q,W8-Bum+Tem-Parent,no,COLOR/SIZE,Clear,Galaxy Watch 8-40mm,,yes,,SCREEN_PROTECTOR,"Meyaar [2+2Pack] Case with Screen Protector for Samsung Galaxy Watch 8 Classic 40mm, Screen Protector Case, Hard PC Bumper + HD Anti-Fog Tempered Glass Protective Film, Overall Protective Cover (Clear, Galaxy Watch 8-40mm)",https://m.media-amazon.com/images/I/711tMFMGC9L.jpg,,
B0FL1CQG2D,W8-46-Bum+Tem-B-2Q,W8-Bum+Tem-Parent,no,COLOR/SIZE,Black,Galaxy Watch 8-46mm,,yes,,SCREEN_PROTECTOR,"Meyaar [2+2Pack] Case with Screen Protector for Samsung Galaxy Watch 8 Classic 46mm, Screen Protector Case, Hard PC Bumper + HD Anti-Fog Tempered Glass Protective Film, Overall Protective Cover (Black, Galaxy Watch 8-46mm)",https://m.media-amazon.com/images/I/71EWmL17wEL.jpg,,
B0FL1CVTKW,W8-44-Bum+Tem-S-2Q,W8-Bum+Tem-Parent,no,COLOR/SIZE,Starlight,Galaxy Watch 8-44mm,,yes,,SCREEN_PROTECTOR,"Meyaar [2+2Pack] Case with Screen Protector for Samsung Galaxy Watch 8 Classic 44mm, Screen Protector Case, Hard PC Bumper + HD Anti-Fog Tempered Glass Protective Film, Overall Protective Cover (Starlight, Galaxy Watch 8-44mm)",https://m.media-amazon.com/images/I/61pdRyj6xHL.jpg,,
B0FL1DCPM4,W8-44-Bum+Tem-B-2Q,W8-Bum+Tem-Parent,no,COLOR/SIZE,Black,Galaxy Watch 8-44mm,,yes,,SCREEN_PROTECTOR,"Meyaar [2+2Pack] Case with Screen Protector for Samsung Galaxy Watch 8 Classic 44mm, Screen Protector Case, Hard PC Bumper + HD Anti-Fog Tempered Glass Protective Film, Overall Protective Cover (Black, Galaxy Watch 8-44mm)",https://m.media-amazon.com/images/I/61phq8J5tUL.jpg,,
B0FL1DFJLV,W8-44-Bum+Tem-C-2Q,W8-Bum+Tem-Parent,no,COLOR/SIZE,Clear,Galaxy Watch 8-44mm,,yes,,SCREEN_PROTECTOR,"Meyaar [2+2Pack] Case with Screen Protector for Samsung Galaxy Watch 8 Classic 44mm, Screen Protector Case, Hard PC Bumper + HD Anti-Fog Tempered Glass Protective Film, Overall Protective Cover (Clear, Galaxy Watch 8-44mm)",https://m.media-amazon.com/images/I/711tMFMGC9L.jpg,,
B0FL1DSS5N,W8-46-Bum+Tem-C-2Q,W8-Bum+Tem-Parent,no,COLOR/SIZE,Clear,Galaxy Watch 8-46mm,,yes,,SCREEN_PROTECTOR,"Meyaar [2+2Pack] Case with Screen Protector for Samsung Galaxy Watch 8 Classic 46mm, Screen Protector Case, Hard PC Bumper + HD Anti-Fog Tempered Glass Protective Film, Overall Protective Cover (Clear, Galaxy Watch 8-46mm)",https://m.media-amazon.com/images/I/711tMFMGC9L.jpg,,
B0FL1DVR3F,W8-40-Bum+Tem-S-2Q,W8-Bum+Tem-Parent,no,COLOR/SIZE,Starlight,Galaxy Watch 8-40mm,,yes,,SCREEN_PROTECTOR,"Meyaar [2+2Pack] Case with Screen Protector for Samsung Galaxy Watch 8 Classic 40mm, Screen Protector Case, Hard PC Bumper + HD Anti-Fog Tempered Glass Protective Film, Overall Protective Cover (Starlight, Galaxy Watch 8-40mm)",https://m.media-amazon.com/images/I/61pdRyj6xHL.jpg,,
B0FL1G7PJF,W8-40-Bum+Tem-B-2Q,W8-Bum+Tem-Parent,no,COLOR/SIZE,Black,Galaxy Watch 8-40mm,,yes,,SCREEN_PROTECTOR,"Meyaar [2+2Pack] Case with Screen Protector for Samsung Galaxy Watch 8 Classic 40mm, Screen Protector Case, Hard PC Bumper + HD Anti-Fog Tempered Glass Protective Film, Overall Protective Cover (Black, Galaxy Watch 8-40mm)",https://m.media-amazon.com/images/I/61phq8J5tUL.jpg,,
B0FL1GC9L6,W8-46-Bum+Tem-S-2Q,W8-Bum+Tem-Parent,no,COLOR/SIZE,Starlight,Galaxy Watch 8-46mm,,yes,,SCREEN_PROTECTOR,"Meyaar [2+2Pack] Case with Screen Protector for Samsung Galaxy Watch 8 Classic 46mm, Screen Protector Case, Hard PC Bumper + HD Anti-Fog Tempered Glass Protective Film, Overall Protective Cover (Starlight, Galaxy Watch 8-46mm)",https://m.media-amazon.com/images/I/71JdeUnRg2L.jpg,,
B0FMHXCPX7,W8-Soft-Mgnt-WHT,W8-Soft-Mgnt-Parent,no,COLOR,White,,,yes,,WATCH_BAND,"Meyaar Silicone Magnetic Band For Samsung Galaxy Watch 8 40mm/44mm/Classic 46mm 2025,No Gap Magnet Adjustable Classic Strap for Galaxy Watch 8 Bands 44mm 40mm & 46mm Classic For Men Women (White)",https://m.media-amazon.com/images/I/31PZkT8S5rL.jpg,,
B0FMQ4BCGR,W8-Steel-Silver.,W8-Steel Classic Parent,no,COLOR/SIZE,Silver,Galaxy 8 40/44mm&Classic 46mm,,yes,,WATCH_BAND,"Meyaar Metal Band Compatible with Samsung Galaxy Watch 8 40mm/44mm/Classic 46mm 2025,No Gap Business Stainless Steel Strap for Galaxy Watch8 Men Women, NOT for Other Models (Silver, Galaxy 8 40/44mm&Classic 46mm)",https://m.media-amazon.com/images/I/61rrq1y-aoL.jpg,,
B0FMQ4NXD7,W8-Steel-BLK+SLVR,W8-Steel Classic Parent,no,COLOR/SIZE,Black&Silver,Galaxy 8 40/44mm&Classic 46mm,,yes,,WATCH_BAND,"Meyaar Metal Band Compatible with Samsung Galaxy Watch 8 40mm/44mm/Classic 46mm 2025,No Gap Business Stainless Steel Strap for Galaxy Watch8 Men Women, NOT for Other Models (Black&Silver, Galaxy 8 40/44mm&Classic 46mm)",https://m.media-amazon.com/images/I/61gd2S0xezL.jpg,,
B0FMQ4P7G8,W8-Steel+Chain-(BLK,W8-Steel Classic Parent,no,COLOR/SIZE,Black&Black,Galaxy 8 40/44mm&Classic 46mm,,yes,,WATCH_BAND,"Meyaar Metal Band Compatible with Samsung Galaxy Watch 8 40mm/44mm/Classic 46mm 2025,No Gap Business Stainless Steel Strap for Galaxy Watch8 Men Women, NOT for Other Models (Black&Black, Galaxy 8 40/44mm&Classic 46mm)",https://m.media-amazon.com/images/I/51c2jszMRXL.jpg,,
B0FMQ4ZQ8D,W8-Steel-BLK.,W8-Steel Classic Parent,no,COLOR/SIZE,Black,Galaxy 8 40/44mm&Classic 46mm,,yes,,WATCH_BAND,"Meyaar Metal Band Compatible with Samsung Galaxy Watch 8 40mm/44mm/Classic 46mm 2025,No Gap Business Stainless Steel Strap for Galaxy Watch8 Men Women, NOT for Other Models (Black, Galaxy 8 40/44mm&Classic 46mm)",https://m.media-amazon.com/images/I/51cD6+TuScL.jpg,,
B0FMQ5RTKV,W8-Steel+Chain-(SLVR,W8-Steel Classic Parent,no,COLOR/SIZE,Silver&Silver,Galaxy 8 40/44mm&Classic 46mm,,yes,,WATCH_BAND,"Meyaar Metal Band Compatible with Samsung Galaxy Watch 8 40mm/44mm/Classic 46mm 2025,No Gap Business Stainless Steel Strap for Galaxy Watch8 Men Women, NOT for Other Models (Silver&Silver, Galaxy 8 40/44mm&Classic 46mm)",https://m.media-amazon.com/images/I/61ZZAs5JnXL.jpg,,
B0FMQ744J1,W8-Chain-Pink,W8-Chain Parent,no,COLOR,Pink,,,yes,,WATCH_BAND,"Meyaar Metal Band for Samsung Galaxy Watch 8 Band 40mm 44mm/8 Classic 46mm Women Men,Mesh Magnetic Stainless Steel Strap for Samsung Galaxy Watch 8 Bands 44 mm 40 mm/8 Classic 46 mm (Pink)",https://m.media-amazon.com/images/I/613b4ztnQCL.jpg,,
B0FN8X26R7,PRO.3-Plain-(L.Grey,PRO.3-Plain Parent,no,COLOR,Light Grey,,,yes,,PORTABLE_ELECTRONIC_DEVICE_COVER,"Meyaar for Apple AirPods Pro 3 Case Cover with Keychain, Soft Skin Silicone Case Cover, Full Protective Case Cover Compatible with AirPods Pro (3rd Generation) Case 2025 (Light Grey)",https://m.media-amazon.com/images/I/51Qy+eHbskL.jpg,,
B0FN8X33C5,PRO.3-Plain-(Wine,PRO.3-Plain Parent,no,COLOR,Burgundy,,,yes,,PORTABLE_ELECTRONIC_DEVICE_COVER,"Meyaar for Apple AirPods Pro 3 Case Cover with Keychain, Soft Skin Silicone Case Cover, Full Protective Case Cover Compatible with AirPods Pro (3rd Generation) Case 2025 (Burgundy)",https://m.media-amazon.com/images/I/51KqtDopwJL.jpg,,
B0FN8Z7GLL,PRO.3-Plain-(Grey),PRO.3-Plain Parent,no,COLOR,Grey,,,yes,,PORTABLE_ELECTRONIC_DEVICE_COVER,"Meyaar for Apple AirPods Pro 3 Case Cover with Keychain, Soft Skin Silicone Case Cover, Full Protective Case Cover Compatible with AirPods Pro (3rd Generation) Case 2025 (Grey)",https://m.media-amazon.com/images/I/51uXvBYyKML.jpg,,
B0FN8ZLKFP,PRO.3-Plain-(Orng,PRO.3-Plain Parent,no,COLOR,Orange,,,yes,,PORTABLE_ELECTRONIC_DEVICE_COVER,"Meyaar for Apple AirPods Pro 3 Case Cover with Keychain, Soft Skin Silicone Case Cover, Full Protective Case Cover Compatible with AirPods Pro (3rd Generation) Case 2025 (Orange)",https://m.media-amazon.com/images/I/51iQUGOYarL.jpg,,
B0FN92VSSS,PRO.3-Plain-(Mint,PRO.3-Plain Parent,no,COLOR,Mint Green,,,yes,,PORTABLE_ELECTRONIC_DEVICE_COVER,"Meyaar for Apple AirPods Pro 3 Case Cover with Keychain, Soft Skin Silicone Case Cover, Full Protective Case Cover Compatible with AirPods Pro (3rd Generation) Case 2025 (Mint Green)",https://m.media-amazon.com/images/I/51Fr0rLlddL.jpg,,
B0FN92X682,PRO.3-Plain-(Yellow,PRO.3-Plain Parent,no,COLOR,Yellow,,,yes,,PORTABLE_ELECTRONIC_DEVICE_COVER,"Meyaar for Apple AirPods Pro 3 Case Cover with Keychain, Soft Skin Silicone Case Cover, Full Protective Case Cover Compatible with AirPods Pro (3rd Generation) Case 2025 (Yellow)",https://m.media-amazon.com/images/I/51lqJwtn7gL.jpg,,
B0FN93T5L4,PRO.3-Plain-(WHT,PRO.3-Plain Parent,no,COLOR,Transparent White,,,yes,,PORTABLE_ELECTRONIC_DEVICE_COVER,"Meyaar for Apple AirPods Pro 3 Case Cover with Keychain, Soft Skin Silicone Case Cover, Full Protective Case Cover Compatible with AirPods Pro (3rd Generation) Case 2025 (Transparent White)",https://m.media-amazon.com/images/I/61xdaD3hu1L.jpg,,
B0FN94X9G2,PRO.3-Plain-(Sky.BLU),PRO.3-Plain Parent,no,COLOR,Sky Blue,,,yes,,PORTABLE_ELECTRONIC_DEVICE_COVER,"Meyaar for Apple AirPods Pro 3 Case Cover with Keychain, Soft Skin Silicone Case Cover, Full Protective Case Cover Compatible with AirPods Pro (3rd Generation) Case 2025 (Sky Blue)",https://m.media-amazon.com/images/I/61IKrxVEVFL.jpg,,
B0FN99Q2NJ,PRO.3-Plain-(Green),PRO.3-Plain Parent,no,COLOR,Green,,,yes,,PORTABLE_ELECTRONIC_DEVICE_COVER,"Meyaar for Apple AirPods Pro 3 Case Cover with Keychain, Soft Skin Silicone Case Cover, Full Protective Case Cover Compatible with AirPods Pro (3rd Generation) Case 2025 (Green)",https://m.media-amazon.com/images/I/51zqrWNCmfL.jpg,,
B0FN9CQ7P9,PRO.3-Plain-(PINk),PRO.3-Plain Parent,no,COLOR,Pink,,,yes,,PORTABLE_ELECTRONIC_DEVICE_COVER,"Meyaar for Apple AirPods Pro 3 Case Cover with Keychain, Soft Skin Silicone Case Cover, Full Protective Case Cover Compatible with AirPods Pro (3rd Generation) Case 2025 (Pink)",https://m.media-amazon.com/images/I/51UgvHpaUsL.jpg,,
B0FN9CR6V1,PRO.3-Plain-(Red,PRO.3-Plain Parent,no,COLOR,Red,,,yes,,PORTABLE_ELECTRONIC_DEVICE_COVER,"Meyaar for Apple AirPods Pro 3 Case Cover with Keychain, Soft Skin Silicone Case Cover, Full Protective Case Cover Compatible with AirPods Pro (3rd Generation) Case 2025 (Red)",https://m.media-amazon.com/images/I/510dbCHWZbL.jpg,,
B0FN9FBMHJ,PRO.3-Plain-(Purpl),PRO.3-Plain Parent,no,COLOR,Lilac,,,yes,,PORTABLE_ELECTRONIC_DEVICE_COVER,"Meyaar for Apple AirPods Pro 3 Case Cover with Keychain, Soft Skin Silicone Case Cover, Full Protective Case Cover Compatible with AirPods Pro (3rd Generation) Case 2025 (Lilac)",https://m.media-amazon.com/images/I/51j8PCjE0ZL.jpg,,
B0FN9GP5G2,PRO.3-Plain-(White),PRO.3-Plain Parent,no,COLOR,White,,,yes,,PORTABLE_ELECTRONIC_DEVICE_COVER,"Meyaar for Apple AirPods Pro 3 Case Cover with Keychain, Soft Skin Silicone Case Cover, Full Protective Case Cover Compatible with AirPods Pro (3rd Generation) Case 2025 (White)",https://m.media-amazon.com/images/I/51ADhuhlxbL.jpg,,
B0FN9H4D4N,PRO.3-Plain-(Clear,PRO.3-Plain Parent,no,COLOR,Transparent,,,yes,,PORTABLE_ELECTRONIC_DEVICE_COVER,"Meyaar for Apple AirPods Pro 3 Case Cover with Keychain, Soft Skin Silicone Case Cover, Full Protective Case Cover Compatible with AirPods Pro (3rd Generation) Case 2025 (Transparent)",https://m.media-amazon.com/images/I/51CFjvATvQL.jpg,,
B0FN9KJB81,PRO.3-Plain-(BLUE),PRO.3-Plain Parent,no,COLOR,Neavy Blue,,,yes,,PORTABLE_ELECTRONIC_DEVICE_COVER,"Meyaar for Apple AirPods Pro 3 Case Cover with Keychain, Soft Skin Silicone Case Cover, Full Protective Case Cover Compatible with AirPods Pro (3rd Generation) Case 2025 (Neavy Blue)",https://m.media-amazon.com/images/I/51YvFs9j8eL.jpg,,
B0FN9LB1WN,PRO.3-Plain-(BLK),PRO.3-Plain Parent,no,COLOR,Black,,,yes,,PORTABLE_ELECTRONIC_DEVICE_COVER,"Meyaar for Apple AirPods Pro 3 Case Cover with Keychain, Soft Skin Silicone Case Cover, Full Protective Case Cover Compatible with AirPods Pro (3rd Generation) Case 2025 (Black)",https://m.media-amazon.com/images/I/51wKo5xJQML.jpg,,
B0FP6ZV7XY,"W8-Trail-BLK,Grey",W8-Trail-Parent,no,COLOR,Black Gray,,,yes,,WATCH_BAND,"Meyaar Nylon Trail Loop Watchband Compatible with Samsung Galaxy Watch 8 42mm 44mm/8 Classic 46mm,Soft Lightweight Breathable Fabric Sport Strap for Galaxy Watch 8 Watch Accessory Women Men (Black Gray)",https://m.media-amazon.com/images/I/518SY139miL.jpg,,
B0FP772XBJ,"W8-Trail-Cream,Orng",W8-Trail-Parent,no,COLOR,Orange Beige,,,yes,,WATCH_BAND,"Meyaar Nylon Trail Loop Watchband Compatible with Samsung Galaxy Watch 8 42mm 44mm/8 Classic 46mm,Soft Lightweight Breathable Fabric Sport Strap for Galaxy Watch 8 Watch Accessory Women Men (Orange Beige)",https://m.media-amazon.com/images/I/71jw-2qM8aL.jpg,,
B0FP7K5TSS,W8-Trail-BLUE,W8-Trail-Parent,no,COLOR,Blue Gray,,,yes,,WATCH_BAND,"Meyaar Nylon Trail Loop Watchband Compatible with Samsung Galaxy Watch 8 42mm 44mm/8 Classic 46mm,Soft Lightweight Breathable Fabric Sport Strap for Galaxy Watch 8 Watch Accessory Women Men (Blue Gray)",https://m.media-amazon.com/images/I/61oDbIa9ufL.jpg,,
B0FQ7V556W,Pro3-(Star-Pink,Pro-3-Cartoon.,yes,COLOR,Star Cup (Pink),,,no,,PORTABLE_ELECTRONIC_DEVICE_COVER,"Meyaar Cute Silicone Case for AirPods Pro 3 (2025), Star Cup (Pink)",,,
B0FQ81B6YY,Pro3-(Vaseline,,no,,,,,yes,,PORTABLE_ELECTRONIC_DEVICE_COVER,"Meyaar Cute Silicone Case for AirPods Pro 3 (2025), Lotion Jar (Blue)",https://m.media-amazon.com/images/I/71o8mWe8YcL.jpg,,
B0FQ81VB1Q,Pro3-Sponge-BOB,Pro-3-Cartoon.,yes,COLOR,Spnge-Bob (Yellow),,,no,,PORTABLE_ELECTRONIC_DEVICE_COVER,"Meyaar Cute Silicone Case for AirPods Pro 3 (2025), Sponge (Yellow)",,,
B0FZLYSY3J,Pro3-Hard-Lock-(BLK,VT-ENLO-P13Z,no,COLOR,Lock Black,,,yes,yes,PORTABLE_ELECTRONIC_DEVICE_COVER,"Meyaar Clear Magnetic Lock Case for AirPods Pro 3 (2025), Lock Black",https://m.media-amazon.com/images/I/61tqPekrJmL.jpg,,
B0FZM47G9F,Pro3-Hard-Lock-(GRN,VT-ENLO-P13Z,no,COLOR,Lock Green,,,yes,yes,PORTABLE_ELECTRONIC_DEVICE_COVER,"Meyaar Clear Magnetic Lock Case for AirPods Pro 3 (2025), Lock Green",https://m.media-amazon.com/images/I/61ikuWe6cSL.jpg,,
B0FZM4Y8SZ,Pro3-Hard-Lock-(RED,VT-ENLO-P13Z,no,COLOR,Lock Red,,,yes,yes,PORTABLE_ELECTRONIC_DEVICE_COVER,"Meyaar Clear Magnetic Lock Case for AirPods Pro 3 (2025), Lock Red",https://m.media-amazon.com/images/I/613r0NlZzYL.jpg,,
B0G2WP1HRF,Pro-3-Yoda,Pro-3-Cartoon.,yes,COLOR,Yoda,,,no,,PORTABLE_ELECTRONIC_DEVICE_COVER,Meyaar Silicone Case for Apple Airpods Pro 3 (2025) Cute Design for Airpods Pro 3 with Keychain Shockproof Protective Case Cover (Yoda),,,
B0G354ZFDN,P3-Premium-Corona,AirPodsPro3Case-08,no,COLOR,Bottle Corona,,,yes,,PORTABLE_ELECTRONIC_DEVICE_COVER,"Meyaar for AirPods Pro 3 Case 2025 Silicone Protective Cases for Apple AirPods Pro 3rd Generation Case for Women Men, for AirPod Pro 3 Cases Cover Accessories with Keychain (Corona)",https://m.media-amazon.com/images/I/61GaNWEUYNL.jpg,,
B0G355XV6L,Pro3-Camera-(Sand)),AirPodsPro3Case-08,no,COLOR,Camera Beige,,,yes,yes,PORTABLE_ELECTRONIC_DEVICE_COVER,Meyaar Case Compatible with Apple AirPods Pro 3 Protective Funny Cute Cartoon Slim Cover with Keychain (Camera Beige),https://m.media-amazon.com/images/I/51yMqEDQCIL.jpg,,
B0G3G59Y63,Pro3-Camera-(BLK)),AirPodsPro3Case-08,no,COLOR,Camera Black,,,yes,,PORTABLE_ELECTRONIC_DEVICE_COVER,,https://m.media-amazon.com/images/I/51YfSL8MLcL.jpg,,
B0G3GBJ6JK,Pro3-Camera-(Brown)),AirPodsPro3Case-08,no,COLOR,Camera Brown,,,yes,,PORTABLE_ELECTRONIC_DEVICE_COVER,,https://m.media-amazon.com/images/I/61AVn0JUcqL.jpg,,
B0G3GBMKXJ,Pro3-GamePaw-(Pink),AirPodsPro3Case-08,no,COLOR,Game Console Pink,,,yes,yes,PORTABLE_ELECTRONIC_DEVICE_COVER,,https://m.media-amazon.com/images/I/61XALiWLXYL.jpg,,
B0G3GRZ72R,Pro3-GamePaw-(PURPL),AirPodsPro3Case-08,no,COLOR,Game Console Purple,,,yes,yes,PORTABLE_ELECTRONIC_DEVICE_COVER,,https://m.media-amazon.com/images/I/61YUqJHwAyL.jpg,,
B0GFXXGXNK,Cleaning-Pen-Gen2-WHT,Cleaning Pen-Gen2 Parent,no,COLOR,White,,,yes,,PORTABLE_ELECTRONIC_DEVICE_COVER,"Meyaar Multi-Function Earbud Cleaning Kit for AirPods 4/3/2/1 & AirPods Pro 3/2/1, Cleaning Pen with Soft Brush & Flocking Sponge for Earphones & Charging Case (White)",https://m.media-amazon.com/images/I/71xEI-djdZL.jpg,,
B0GFY3QPNX,Cleaning-Pen-Gen2-Blk,Cleaning Pen-Gen2 Parent,no,COLOR,Black,,,yes,,PORTABLE_ELECTRONIC_DEVICE_COVER,"Meyaar Multi-Function Earbud Cleaning Kit for AirPods 4/3/2/1 & AirPods Pro 3/2/1, Cleaning Pen with Soft Brush & Flocking Sponge for Earphones & Charging Case (Black)",https://m.media-amazon.com/images/I/71DJB1ozHZL.jpg,,
B0GJQV4JF1,Pro3-(Carbon.Fiber-BLK,VT-ENLO-P13Z,no,COLOR,Carbon Fiber Black,,,yes,yes,PORTABLE_ELECTRONIC_DEVICE_COVER,"Meyaar AirPods Pro 3 Case, Carbon Fiber Black",https://m.media-amazon.com/images/I/61+rc5zl1JL.jpg,,
B0HJ8FRHK9,LPD-FOLD-6040-PINK,LI-X9QF-MDEI,no,COLOR,Pink,,,no,,LAP_DESK,"Meyaar Foldable Lap Desk for Bed and Sofa, Laptop Bed Table, Pink",,,
B0HJ8K4YSW,LPD-FOLD-6040-WHT,LI-X9QF-MDEI,no,COLOR,White,,,no,,LAP_DESK,"Meyaar Foldable Lap Desk for Bed and Sofa, Laptop Bed Table, White",,,
B0HJ8PDYVS,LPD-FOLD-6040-Light.Brown,LI-X9QF-MDEI,no,COLOR,Light Brown,,,no,,LAP_DESK,"Meyaar Foldable Lap Desk for Bed and Sofa, Laptop Bed Table, Light Brown",,,
B0HJ8R8PJR,LPD-FOLD-6040-BLK,LI-X9QF-MDEI,no,COLOR,Black,,,no,,LAP_DESK,"Meyaar 23.4"" Foldable Lap Desk for Bed and Sofa, Bed Table with Cup Holder",,,
B0HJ8TLJNF,LPD-FOLD-6040-Drk.Brown,LI-X9QF-MDEI,no,COLOR,Dark Brown,,,no,,LAP_DESK,"Meyaar Foldable Lap Desk for Bed and Sofa, Laptop Bed Table, Dark Brown",,,
B0HK4V7DX1,AIR-PUMP-(Black),,no,,,,,yes,,STORAGE_BAG,Meyaar Portable Cordless Vacuum Pump for Vacuum Storage & Space Saver Bags,https://m.media-amazon.com/images/I/61DT6yrtwPL.jpg,,
